user_id,product_id,rating
0,10,4.5
0,82,4.1
0,146,4.6
0,68,5.0
0,74,4.1
0,116,4.1
0,18,5.0
0,84,4.7
0,89,2.6
0,15,3.4
0,16,2.6
0,65,2.6
0,123,3.2
0,30,1.5
0,14,1.6
1,45,3.9
1,105,3.6
1,106,4.4
1,98,3.7
1,93,3.4
1,121,5.0
1,53,4.1
1,65,4.2
1,101,3.3
1,89,3.9
1,94,3.1
1,103,2.1
1,124,3.3
1,88,2.5
2,133,4.0
2,117,3.8
2,20,5.0
2,109,4.2
2,141,3.6
2,132,4.7
2,93,3.5
2,124,4.3
2,36,3.0
2,90,1.9
2,47,3.2
2,82,3.6
2,70,3.1
2,94,2.9
3,71,4.0
3,125,3.3
3,19,3.8
3,55,3.9
3,75,4.8
3,141,4.4
3,115,3.1
3,45,4.4
3,63,4.0
3,27,3.8
3,117,4.6
3,83,4.8
3,13,4.8
3,15,3.7
3,16,2.8
3,17,3.3
3,88,3.8
3,18,2.6
3,74,2.9
3,25,2.1
3,113,2.0
3,10,3.7
4,95,5.0
4,148,4.2
4,57,4.8
4,113,4.4
4,20,3.8
4,71,4.4
4,60,5.0
4,140,4.2
4,73,5.0
4,124,2.6
4,9,4.7
4,49,4.3
4,103,4.0
4,52,4.3
4,132,3.0
4,17,4.1
4,97,4.4
4,43,4.2
4,30,2.6
4,134,2.4
4,98,2.6
4,45,3.7
4,21,3.3
5,147,3.9
5,95,4.5
5,63,4.3
5,21,4.8
5,131,3.8
5,47,4.0
5,99,4.0
5,39,3.3
5,75,4.4
5,149,4.4
5,107,4.2
5,123,4.1
5,117,3.4
5,113,2.7
5,4,2.7
5,122,2.4
5,134,2.9
5,140,3.3
5,54,4.5
5,36,3.1
6,119,4.4
6,133,4.2
6,54,3.0
6,61,4.2
6,62,4.2
6,5,5.0
6,31,4.1
6,29,4.4
6,101,4.2
6,117,3.5
6,70,4.9
6,14,4.7
6,148,3.6
6,129,2.3
6,3,4.1
7,126,3.4
7,90,4.6
7,36,5.0
7,66,3.6
7,70,3.9
7,78,4.3
7,58,3.9
7,28,3.3
7,62,4.2
7,147,2.2
7,65,3.4
7,115,2.3
7,121,4.2
8,11,3.7
8,27,4.0
8,28,4.7
8,131,3.5
8,107,4.3
8,148,5.0
8,116,3.2
8,15,4.3
8,47,4.4
8,134,3.6
8,86,2.0
8,98,1.9
8,122,3.4
8,89,3.2
9,46,4.4
9,34,4.4
9,128,3.8
9,86,4.3
9,18,4.4
9,58,3.8
9,72,5.0
9,136,4.5
9,48,3.5
9,114,4.6
9,122,3.6
9,98,4.7
9,82,4.9
9,88,3.7
9,63,3.8
9,9,3.3
9,45,3.7
9,81,4.5
9,123,2.8
9,12,2.4
9,1,2.3
10,52,3.7
10,36,4.2
10,132,4.4
10,23,4.4
10,131,4.7
10,44,4.2
10,51,5.0
10,55,4.0
10,20,5.0
10,3,4.6
10,84,3.7
10,88,2.1
10,34,3.4
10,25,2.8
10,77,3.6
10,109,3.4
10,144,2.9
10,46,2.3
11,94,3.3
11,142,3.9
11,115,4.7
11,139,4.3
11,61,3.5
11,13,4.3
11,69,4.4
11,126,3.7
11,6,4.3
11,75,4.2
11,5,3.5
11,78,4.4
11,134,4.5
11,54,4.8
11,99,4.8
11,125,3.4
11,81,2.2
11,144,3.4
11,129,3.4
11,84,3.4
11,58,5.0
11,23,3.5
12,5,4.9
12,55,4.8
12,29,4.6
12,137,4.0
12,105,4.7
12,79,3.7
12,119,4.1
12,63,3.9
12,15,4.2
12,73,5.0
12,17,3.1
12,41,4.6
12,125,3.2
12,101,3.9
12,107,3.9
12,16,3.1
12,80,2.1
12,62,2.4
12,68,3.5
13,61,3.8
13,134,4.3
13,30,4.2
13,14,3.8
13,87,5.0
13,110,4.6
13,22,3.0
13,93,4.3
13,135,3.8
13,37,4.7
13,62,3.7
13,147,2.9
13,130,3.4
13,27,3.7
13,48,2.0
14,24,4.0
14,42,3.9
14,32,3.8
14,29,5.0
14,101,4.4
14,149,3.4
14,128,4.8
14,133,5.0
14,109,4.8
14,36,1.8
14,129,2.6
15,79,5.0
15,132,3.8
15,100,4.5
15,148,4.7
15,101,3.6
15,77,4.2
15,117,2.3
15,143,3.6
15,111,4.0
15,109,3.5
15,108,5.0
15,55,3.3
15,125,3.9
15,119,4.3
15,28,5.0
15,11,1.9
15,96,3.9
15,89,3.0
15,128,2.2
15,59,3.4
16,45,4.3
16,97,3.8
16,8,4.2
16,57,4.0
16,85,4.3
16,9,4.6
16,49,5.0
16,77,3.5
16,73,5.0
16,5,3.0
16,144,4.1
16,61,4.6
16,48,4.4
16,136,3.8
16,109,4.1
16,13,3.9
16,104,3.8
16,101,4.7
16,137,4.4
16,64,3.8
16,119,3.7
16,114,3.2
16,10,3.7
16,92,3.5
16,118,2.3
17,33,3.9
17,54,4.6
17,102,4.6
17,81,4.2
17,86,4.3
17,25,5.0
17,9,3.8
17,76,4.5
17,17,4.1
17,57,4.1
17,121,4.9
17,14,4.7
17,137,4.7
17,110,5.0
17,30,4.2
17,6,4.6
17,41,4.0
17,129,4.4
17,107,2.9
17,106,3.1
17,125,3.5
17,32,2.3
17,74,4.7
18,48,3.6
18,64,3.5
18,70,4.9
18,130,4.7
18,56,4.6
18,114,4.6
18,102,4.2
18,8,3.7
18,106,4.2
18,110,3.8
18,136,4.8
18,10,4.1
18,120,3.7
18,115,2.7
18,139,3.3
19,51,3.9
19,44,3.7
19,124,4.3
19,115,4.3
19,103,3.9
19,27,3.9
19,59,4.3
19,15,3.3
19,100,3.4
19,140,3.8
19,135,4.1
19,60,4.4
19,52,5.0
19,111,4.7
19,134,2.9
19,80,3.0
19,25,2.2
19,121,3.0
19,144,2.8
19,16,3.3
19,62,2.3
20,65,4.5
20,110,5.0
20,134,4.1
20,57,4.4
20,22,4.6
20,113,4.0
20,118,4.3
20,126,4.2
20,115,4.3
20,89,3.7
20,14,4.2
20,145,4.5
20,142,5.0
20,73,4.8
20,86,5.0
20,62,3.7
20,74,3.7
20,63,3.1
21,37,5.0
21,59,3.7
21,133,3.7
21,85,3.8
21,35,2.9
21,38,3.9
21,22,3.7
21,27,4.3
21,13,4.4
21,51,5.0
21,18,3.8
21,103,2.5
21,111,2.3
21,106,3.4
21,7,1.9
21,135,4.5
21,68,3.9
21,127,2.6
22,103,3.2
22,67,5.0
22,27,4.1
22,30,4.9
22,31,3.2
22,119,3.8
22,107,4.2
22,139,4.2
22,126,3.9
22,78,4.6
22,82,2.1
22,73,2.9
23,123,4.3
23,41,4.5
23,75,4.6
23,105,3.5
23,49,3.3
23,129,5.0
23,125,4.4
23,145,3.8
23,37,5.0
23,91,4.3
23,147,4.9
23,51,4.2
23,81,5.0
23,33,5.0
23,61,4.1
23,97,4.8
23,131,4.6
23,77,5.0
23,58,2.2
23,78,3.5
23,103,3.8
23,108,1.6
23,86,2.1
23,32,1.4
23,40,2.8
23,124,3.6
24,46,5.0
24,8,4.2
24,111,5.0
24,80,3.4
24,63,3.2
24,95,4.2
24,16,4.4
24,120,4.2
24,88,3.0
24,22,4.1
24,17,2.0
24,33,3.5
24,53,3.3
24,91,2.2
25,25,3.9
25,143,3.6
25,73,4.2
25,15,4.8
25,39,3.6
25,78,4.5
25,62,3.9
25,6,3.7
25,71,4.1
25,9,3.6
25,70,3.9
25,87,3.5
25,63,5.0
25,41,4.2
25,65,3.8
25,137,4.3
25,44,2.9
25,4,2.8
25,64,3.5
25,19,3.6
26,111,3.9
26,56,3.9
26,135,4.0
26,24,2.8
26,23,3.3
26,7,5.0
26,48,5.0
26,80,4.1
26,119,4.5
26,136,4.4
26,120,5.0
26,128,4.9
26,76,4.1
26,104,3.6
26,0,3.2
26,15,4.3
26,4,3.7
26,44,3.3
26,36,3.8
26,30,2.1
26,113,4.3
26,149,3.7
26,123,3.0
26,107,4.2
26,86,3.1
26,22,2.3
26,58,4.2
27,51,4.5
27,19,3.6
27,8,4.1
27,40,3.7
27,70,3.4
27,107,4.8
27,104,5.0
27,78,3.4
27,11,4.5
27,144,3.8
27,83,3.9
27,109,2.5
27,4,2.3
27,129,3.0
27,105,2.3
27,117,3.2
27,49,3.0
28,25,4.1
28,49,3.7
28,73,3.9
28,1,4.7
28,105,4.5
28,59,3.6
28,41,4.3
28,97,4.7
28,71,3.2
28,31,4.5
28,113,3.8
28,121,4.5
28,15,3.7
28,89,3.1
28,63,3.2
28,11,4.2
28,119,4.4
28,91,3.7
28,87,4.6
28,102,1.7
28,112,2.9
28,4,2.0
28,78,2.5
28,96,3.0
28,8,2.3
28,130,2.7
28,76,3.8
29,126,3.9
29,5,4.7
29,61,3.5
29,134,4.5
29,13,5.0
29,142,2.7
29,43,3.7
29,125,4.5
29,115,4.1
29,109,4.4
29,19,3.8
29,101,4.3
29,66,2.9
29,26,3.9
29,8,3.2
29,72,3.3
29,111,2.7
29,68,2.6
29,130,2.7
30,143,4.4
30,134,3.9
30,118,4.4
30,79,5.0
30,119,4.7
30,84,4.0
30,110,4.9
30,31,4.0
30,23,3.0
30,14,3.6
30,91,1.5
30,5,2.7
30,58,3.0
30,40,4.3
30,8,3.3
30,64,2.8
30,61,3.7
31,69,2.9
31,141,4.3
31,93,4.7
31,81,3.3
31,45,4.9
31,7,4.4
31,129,4.0
31,111,4.6
31,33,5.0
31,49,4.3
31,61,4.3
31,9,3.9
31,133,3.7
31,57,4.7
31,47,3.7
31,21,4.2
31,75,2.6
31,88,3.4
31,82,3.3
31,90,3.8
31,78,2.6
31,68,2.8
31,36,2.2
31,100,2.6
32,83,4.4
32,63,4.7
32,138,3.6
32,90,4.7
32,47,5.0
32,15,4.4
32,123,5.0
32,74,3.7
32,135,3.5
32,130,3.1
32,103,5.0
32,31,4.6
32,91,4.2
32,50,4.4
32,55,3.5
32,18,5.0
32,127,4.3
32,111,4.3
32,114,4.6
32,92,3.4
32,124,3.2
32,145,2.4
32,86,3.4
33,118,5.0
33,77,5.0
33,61,5.0
33,147,3.9
33,6,3.6
33,125,4.1
33,142,4.2
33,107,4.9
33,75,3.2
33,46,5.0
33,10,2.9
33,15,2.7
33,136,2.2
33,129,1.7
33,81,3.7
33,73,3.1
33,104,2.0
34,127,3.4
34,118,4.0
34,30,5.0
34,6,4.0
34,28,3.3
34,103,4.1
34,143,4.0
34,78,2.6
34,7,4.2
34,23,4.1
34,14,4.6
34,44,5.0
34,111,4.9
34,63,4.0
34,116,3.5
34,68,5.0
34,100,4.2
34,126,4.2
34,135,4.2
34,148,4.3
34,74,2.9
34,89,2.5
34,13,2.6
34,115,3.0
35,89,3.9
35,63,3.8
35,69,4.3
35,55,4.0
35,111,5.0
35,47,2.6
35,41,4.9
35,21,4.9
35,5,3.0
35,31,4.0
35,106,2.7
35,78,1.9
35,114,2.4
35,24,2.1
35,52,4.4
36,43,4.8
36,120,5.0
36,75,4.6
36,35,3.5
36,104,3.9
36,48,4.5
36,116,3.5
36,83,4.6
36,32,4.1
36,19,4.0
36,20,4.6
36,11,4.5
36,144,4.0
36,28,4.9
36,132,3.6
36,12,4.6
36,52,4.6
36,59,4.0
36,147,4.4
36,92,3.4
36,61,3.7
36,62,2.9
36,33,2.6
36,146,3.8
36,145,2.4
36,143,1.9
37,28,3.3
37,132,4.6
37,60,3.4
37,84,5.0
37,36,3.0
37,18,5.0
37,33,4.3
37,20,4.1
37,41,3.9
37,82,4.4
37,2,4.2
37,145,4.9
37,92,4.3
37,97,4.3
37,121,4.0
37,76,4.2
37,116,4.4
37,130,3.2
37,19,1.9
37,14,3.6
37,63,3.1
37,80,2.9
37,147,3.0
37,149,3.3
38,90,3.9
38,69,3.7
38,132,4.3
38,148,3.6
38,140,4.4
38,98,3.2
38,12,4.8
38,21,4.5
38,53,4.4
38,109,4.8
38,133,5.0
38,76,4.8
38,77,3.1
38,116,3.4
38,149,3.8
38,25,3.0
38,112,3.4
38,129,2.4
38,120,3.1
39,134,3.7
39,23,3.8
39,73,3.4
39,87,3.6
39,9,3.4
39,22,3.6
39,89,4.8
39,25,3.6
39,54,5.0
39,30,4.5
39,66,3.1
39,144,2.3
39,44,3.6
40,91,3.9
40,51,4.3
40,15,5.0
40,45,4.1
40,35,4.9
40,109,3.8
40,95,4.2
40,47,5.0
40,23,3.8
40,135,5.0
40,53,4.6
40,107,3.9
40,93,4.6
40,102,3.8
40,130,3.5
41,98,3.3
41,149,3.8
41,25,4.1
41,26,4.2
41,113,4.6
41,105,4.3
41,122,3.4
41,101,4.4
41,57,4.6
41,97,4.5
41,6,3.9
41,16,3.7
42,110,4.5
42,131,4.2
42,97,3.2
42,43,4.5
42,147,4.3
42,35,4.4
42,145,3.4
42,142,3.6
42,127,3.8
42,130,3.0
42,5,3.5
42,101,3.0
42,128,3.0
43,51,4.8
43,109,3.9
43,52,4.3
43,83,3.9
43,43,3.9
43,139,4.0
43,116,4.3
43,68,3.9
43,147,5.0
43,77,3.7
43,12,4.1
43,117,3.9
43,11,5.0
43,28,4.3
43,76,4.8
43,69,3.3
43,95,3.2
43,41,3.7
43,70,3.1
43,122,3.9
43,30,2.6
44,145,5.0
44,120,5.0
44,54,4.0
44,121,3.9
44,57,5.0
44,65,5.0
44,22,3.9
44,128,3.9
44,62,4.0
44,86,3.4
44,94,3.6
44,16,3.6
44,142,3.7
44,95,3.0
44,26,3.2
44,55,4.2
45,43,3.6
45,27,4.8
45,19,4.1
45,11,4.2
45,51,4.6
45,67,3.5
45,107,4.4
45,70,4.3
45,148,4.5
45,28,4.4
45,54,5.0
45,99,3.8
45,123,3.9
45,35,3.8
45,124,3.9
45,104,2.5
45,95,4.0
45,101,4.1
45,63,2.5
45,2,2.3
46,68,4.5
46,86,3.9
46,78,4.6
46,40,4.3
46,36,3.3
46,100,5.0
46,60,5.0
46,8,3.8
46,128,4.0
46,101,3.2
46,122,3.3
46,133,3.5
46,138,4.6
47,48,4.1
47,91,3.7
47,0,3.4
47,16,3.8
47,72,4.2
47,22,5.0
47,43,3.9
47,123,4.3
47,62,4.2
47,67,4.9
47,126,5.0
47,6,3.9
47,128,3.9
47,8,4.8
47,96,4.6
47,39,4.5
47,74,3.5
47,113,2.7
47,58,3.5
47,15,3.9
47,79,3.7
48,75,4.5
48,130,4.8
48,93,4.9
48,45,5.0
48,139,4.6
48,106,4.1
48,115,4.3
48,138,4.9
48,19,3.7
48,21,4.4
48,18,4.0
48,67,4.2
48,61,5.0
48,58,4.3
48,146,4.2
48,117,3.4
48,30,3.6
48,40,3.5
48,124,4.7
48,104,2.8
48,81,3.2
48,103,3.2
48,8,4.3
48,7,2.9
49,124,4.4
49,60,4.6
49,140,4.3
49,84,3.9
49,92,4.3
49,78,4.8
49,28,3.6
49,102,4.3
49,86,3.8
49,22,4.9
49,123,1.8
49,64,2.6
49,32,3.3
49,80,4.3
50,127,4.2
50,143,3.9
50,51,5.0
50,99,3.3
50,57,2.9
50,87,4.5
50,135,3.9
50,91,3.6
50,83,4.6
50,121,4.3
50,97,3.9
50,145,3.4
50,81,4.7
50,3,4.6
50,63,4.1
50,137,5.0
50,19,3.6
50,118,1.8
50,62,2.4
50,148,3.0
50,141,3.2
50,128,2.8
51,102,4.4
51,83,3.4
51,44,5.0
51,110,4.2
51,134,4.9
51,132,4.4
51,100,4.5
51,99,4.5
51,146,3.4
51,9,3.5
51,119,4.1
52,26,4.3
52,88,4.6
52,106,4.1
52,122,5.0
52,104,3.8
52,130,5.0
52,64,4.2
52,24,3.3
52,114,4.3
52,40,3.8
52,3,4.7
52,96,3.8
52,115,3.9
52,18,3.1
52,32,3.9
52,92,1.1
52,65,1.7
53,25,4.7
53,70,4.7
53,118,4.5
53,37,3.6
53,145,4.2
53,86,4.2
53,133,3.5
53,105,5.0
53,81,4.7
53,125,4.1
53,9,4.2
53,22,4.3
53,89,3.0
53,141,4.1
53,66,2.5
53,135,2.2
53,98,2.8
53,107,4.4
53,76,3.5
53,64,2.5
54,79,4.5
54,92,5.0
54,57,4.8
54,145,4.2
54,60,3.8
54,116,4.6
54,132,4.4
54,124,4.7
54,135,4.6
54,111,4.8
54,141,2.6
54,53,4.1
54,125,3.2
54,98,4.7
54,38,2.4
54,50,4.4
54,56,3.2
54,114,2.5
55,36,3.9
55,51,4.0
55,131,4.5
55,48,4.5
55,120,3.9
55,35,4.2
55,116,5.0
55,139,5.0
55,83,4.5
55,52,4.2
55,80,4.3
55,59,4.6
55,149,2.2
55,57,2.8
55,58,1.7
55,25,3.3
55,118,3.5
55,138,2.6
56,64,5.0
56,69,3.5
56,141,3.3
56,61,4.3
56,133,4.8
56,24,5.0
56,48,3.9
56,7,4.8
56,136,4.2
56,120,4.1
56,15,4.7
56,143,4.6
56,77,3.3
56,111,5.0
56,45,5.0
56,80,3.8
56,41,3.3
56,108,3.4
56,54,3.2
57,118,3.9
57,46,3.8
57,22,4.2
57,17,4.9
57,105,4.5
57,126,4.0
57,99,4.7
57,41,2.5
57,129,4.9
57,9,3.2
57,113,4.0
57,89,3.5
57,38,3.4
57,107,4.9
57,115,3.9
57,123,4.4
57,84,3.0
57,68,3.4
58,80,4.2
58,16,3.4
58,114,4.8
58,130,3.9
58,23,3.3
58,0,3.9
58,95,5.0
58,26,4.7
58,71,4.0
58,111,4.0
58,146,4.0
58,120,5.0
58,122,4.4
58,32,4.5
58,48,4.8
58,55,4.3
58,143,4.0
58,8,4.1
58,15,4.2
58,117,3.0
58,46,3.6
58,109,3.0
58,148,3.6
58,6,2.9
58,36,3.1
58,85,1.4
59,6,4.7
59,142,4.4
59,66,4.8
59,134,2.5
59,82,5.0
59,30,4.1
59,126,4.9
59,49,3.6
59,146,4.6
59,1,3.6
59,116,2.5
59,124,4.5
59,21,2.8
59,68,3.2
60,79,4.7
60,111,4.5
60,94,4.3
60,90,4.4
60,86,5.0
60,23,4.2
60,87,4.3
60,146,4.8
60,47,4.9
60,34,4.9
60,22,4.6
60,58,3.5
60,148,4.3
60,92,2.1
60,131,3.2
61,122,3.7
61,30,4.2
61,2,4.4
61,126,4.4
61,58,4.5
61,134,5.0
61,50,4.5
61,98,4.1
61,115,4.8
61,34,4.9
61,146,3.5
61,106,4.6
61,129,3.6
61,81,2.8
61,87,4.1
61,104,2.9
61,65,3.1
61,17,2.9
61,136,3.0
61,20,2.1
62,22,3.3
62,80,5.0
62,54,3.7
62,40,3.6
62,0,2.9
62,44,3.8
62,64,3.4
62,140,5.0
62,76,4.8
62,46,3.8
62,61,4.8
62,119,3.8
62,147,2.7
62,117,1.0
63,45,5.0
63,111,3.4
63,63,3.2
63,119,4.8
63,40,5.0
63,8,5.0
63,112,4.5
63,21,4.6
63,62,3.7
63,33,3.6
63,82,3.2
63,139,3.1
63,102,2.9
64,129,3.7
64,49,4.0
64,114,3.2
64,17,4.1
64,105,3.6
64,48,3.5
64,58,4.3
64,104,5.0
64,34,4.8
64,128,3.3
64,18,3.6
64,80,4.8
64,24,3.6
64,74,4.1
64,98,4.5
64,130,3.6
64,66,4.3
64,90,3.4
64,120,3.8
64,110,3.3
64,139,1.7
64,45,3.4
64,52,3.0
64,141,3.4
64,124,3.2
64,19,4.1
64,109,3.1
65,89,3.9
65,121,4.3
65,62,4.5
65,13,4.2
65,97,4.2
65,21,3.8
65,9,3.8
65,94,3.4
65,86,5.0
65,33,3.5
65,137,3.8
65,93,3.8
65,25,4.7
65,29,4.0
65,54,4.9
65,106,2.5
65,90,3.2
65,23,2.3
65,139,4.7
65,42,2.0
65,146,3.2
65,119,3.5
65,99,3.3
66,87,4.1
66,78,4.1
66,136,4.2
66,8,4.1
66,79,4.8
66,23,5.0
66,144,3.9
66,71,3.4
66,135,4.1
66,11,5.0
66,114,2.4
66,93,4.3
66,138,4.3
66,61,2.6
66,147,3.5
67,65,5.0
67,41,4.0
67,137,4.1
67,0,3.9
67,123,3.6
67,33,3.8
67,97,3.5
67,9,4.2
67,87,2.4
67,71,3.2
68,10,3.3
68,90,4.4
68,9,4.7
68,146,3.0
68,81,4.4
68,6,4.9
68,49,3.5
68,70,5.0
68,30,4.5
68,22,3.8
68,110,4.2
68,121,4.5
68,129,4.2
68,62,4.5
68,65,3.6
68,74,4.3
68,118,3.4
68,105,4.1
68,14,3.7
68,135,2.4
68,111,4.0
68,28,3.9
68,133,3.5
68,71,2.1
68,24,2.7
68,36,4.0
69,69,4.3
69,88,5.0
69,23,4.4
69,125,4.3
69,39,4.0
69,0,4.3
69,128,4.1
69,5,4.6
69,53,4.8
69,79,3.7
69,117,3.4
69,93,3.1
69,72,4.5
69,119,3.5
69,64,2.9
69,136,4.4
69,92,5.0
69,70,3.0
69,30,3.7
70,35,4.2
70,125,4.1
70,131,4.8
70,21,4.0
70,7,4.4
70,115,4.4
70,71,3.8
70,107,4.8
70,5,4.1
70,43,3.7
70,37,4.5
70,13,3.7
70,121,3.0
70,6,3.0
71,102,4.9
71,116,4.5
71,122,4.2
71,10,4.7
71,42,5.0
71,126,4.5
71,6,4.2
71,68,3.4
71,76,3.6
71,38,4.0
71,92,3.8
71,36,4.1
71,140,4.2
71,22,4.5
71,86,4.2
71,47,3.4
71,149,3.1
71,117,1.4
71,64,2.2
72,102,4.1
72,132,3.5
72,116,4.6
72,140,5.0
72,54,4.9
72,42,4.1
72,52,5.0
72,26,4.3
72,114,4.0
72,90,3.8
72,38,4.0
72,70,4.0
72,146,4.3
72,46,4.3
72,10,4.2
72,94,4.5
72,100,4.9
72,35,3.8
72,128,1.8
72,137,1.0
72,87,3.7
72,113,1.9
72,101,2.8
72,9,2.1
73,111,3.1
73,113,4.5
73,65,4.7
73,135,3.9
73,89,2.6
73,55,3.9
73,119,4.4
73,71,3.3
73,127,4.3
73,25,4.2
73,54,4.5
73,142,4.3
73,31,3.6
73,108,4.0
73,96,2.9
73,48,3.0
73,44,2.3
73,60,2.6
73,144,2.3
73,28,2.9
73,93,4.4
74,95,3.4
74,71,3.2
74,144,5.0
74,148,4.1
74,88,3.8
74,23,4.8
74,64,3.8
74,40,5.0
74,42,3.5
74,67,2.6
74,131,4.7
74,17,2.5
75,144,4.6
75,60,4.4
75,12,5.0
75,90,5.0
75,122,4.2
75,32,3.7
75,8,4.5
75,44,3.8
75,64,5.0
75,114,4.3
75,100,4.0
75,138,4.3
75,4,3.4
75,10,3.6
75,136,4.9
75,121,2.5
75,149,2.2
75,137,3.4
75,115,3.9
75,45,3.6
75,99,3.8
75,43,2.4
75,69,1.9
76,3,5.0
76,37,4.0
76,35,4.0
76,126,5.0
76,21,4.5
76,141,4.5
76,131,5.0
76,83,3.8
76,43,4.8
76,118,4.2
76,102,4.4
76,147,5.0
76,48,3.4
76,112,3.4
76,65,3.9
76,57,2.7
76,76,2.3
77,91,3.6
77,108,3.0
77,59,5.0
77,51,3.5
77,43,4.1
77,60,4.0
77,84,4.4
77,83,4.7
77,76,4.7
77,16,3.9
77,123,4.1
77,80,4.4
77,52,4.1
77,35,5.0
77,136,4.5
77,85,3.6
77,9,3.5
77,117,3.9
77,46,3.1
78,24,3.4
78,3,4.4
78,43,3.8
78,93,3.9
78,99,4.6
78,139,4.9
78,123,4.2
78,69,4.4
78,48,5.0
78,149,4.3
78,32,5.0
78,56,4.5
78,37,3.1
78,64,4.7
78,96,4.4
78,40,5.0
78,83,4.6
78,141,4.1
78,120,3.5
78,100,2.8
78,148,2.3
78,132,2.5
78,94,3.5
79,125,5.0
79,134,4.4
79,61,3.5
79,29,4.5
79,22,4.9
79,149,3.8
79,93,4.1
79,85,4.2
79,30,3.7
79,133,4.6
79,10,2.9
79,106,3.3
79,7,2.3
79,15,2.7
79,136,3.6
79,9,2.7
79,0,4.4
80,22,4.0
80,142,4.3
80,108,4.8
80,38,3.3
80,12,3.1
80,121,3.3
80,25,5.0
80,1,3.9
80,36,5.0
80,86,3.9
80,78,4.3
80,62,5.0
80,9,5.0
80,105,5.0
80,136,4.0
80,125,3.8
80,98,3.5
80,135,3.6
80,99,2.6
80,3,2.3
80,0,3.0
81,92,4.1
81,68,3.9
81,0,4.6
81,2,4.8
81,88,4.3
81,122,5.0
81,44,3.5
81,90,4.1
81,48,3.8
81,140,3.1
81,84,4.2
81,116,4.1
81,114,5.0
81,72,4.6
81,28,3.6
81,16,5.0
81,109,4.0
81,31,3.5
82,34,4.1
82,106,3.6
82,90,4.0
82,45,4.9
82,61,5.0
82,46,5.0
82,69,3.9
82,14,3.5
82,62,4.3
82,133,3.1
82,78,4.4
82,49,2.9
82,143,2.6
82,44,1.7
82,60,3.4
82,139,2.6
82,16,2.1
83,145,2.5
83,109,4.2
83,129,5.0
83,5,5.0
83,13,3.9
83,68,3.8
83,65,4.5
83,133,3.6
83,93,4.4
83,81,4.7
83,9,4.9
83,108,4.1
83,1,4.1
83,28,3.7
83,140,3.7
83,84,4.1
83,73,4.4
83,57,4.7
83,19,2.4
83,107,4.2
83,8,2.8
83,47,3.0
83,43,2.4
83,142,1.1
84,80,4.7
84,45,4.6
84,5,4.0
84,11,4.2
84,115,4.5
84,147,3.3
84,91,3.9
84,96,4.7
84,112,3.4
84,144,4.4
84,29,3.4
84,53,4.5
84,3,4.2
84,35,3.2
84,99,4.9
84,24,3.8
84,67,3.7
84,62,3.2
84,33,3.9
85,40,3.6
85,96,4.2
85,143,4.5
85,64,4.6
85,115,4.3
85,91,4.0
85,56,3.7
85,139,4.3
85,127,3.6
85,23,2.4
85,119,4.5
85,15,4.7
85,87,2.8
85,59,3.6
85,8,4.6
85,16,5.0
85,72,4.2
85,14,2.4
85,69,2.9
85,124,4.1
86,107,3.8
86,103,3.7
86,69,3.9
86,133,3.6
86,55,4.3
86,5,5.0
86,109,4.4
86,47,4.0
86,77,4.0
86,85,3.3
86,39,4.7
86,61,4.2
86,95,4.1
86,67,5.0
86,75,4.4
86,31,3.7
86,101,3.9
86,115,4.9
86,15,4.3
86,51,3.3
86,49,3.7
86,145,2.5
86,14,4.5
86,16,3.9
86,54,2.6
86,30,4.0
86,76,3.1
86,129,3.7
87,123,4.5
87,65,3.7
87,51,3.8
87,59,4.8
87,17,4.0
87,11,4.0
87,1,3.6
87,50,4.5
87,74,5.0
87,139,3.6
87,55,3.0
87,22,4.1
87,28,2.9
87,20,3.4
87,38,2.2
87,88,3.3
87,93,2.9
87,116,3.8
88,87,4.9
88,71,5.0
88,20,4.5
88,6,4.4
88,15,4.3
88,62,4.0
88,95,4.4
88,135,4.0
88,103,4.3
88,126,5.0
88,55,3.6
88,68,4.9
88,4,5.0
88,52,4.1
88,143,2.9
88,118,3.8
88,16,4.0
88,146,3.0
88,113,2.2
88,49,2.6
88,115,3.7
88,105,3.4
88,33,2.8
88,138,2.7
89,30,4.0
89,23,3.6
89,47,5.0
89,54,4.0
89,142,4.9
89,86,5.0
89,27,4.8
89,14,3.9
89,147,4.4
89,75,4.2
89,135,3.7
89,71,4.4
89,139,3.5
89,83,4.9
89,13,2.6
89,73,3.2
89,50,3.2
89,49,2.8
89,146,3.5
89,128,2.6
89,100,3.7
89,121,1.9
90,33,4.3
90,76,5.0
90,17,3.6
90,20,3.8
90,50,4.5
90,1,4.3
90,66,4.4
90,57,4.5
90,105,4.6
90,65,4.9
90,130,4.4
90,74,4.1
90,122,4.6
90,73,5.0
90,108,4.1
90,100,3.6
90,140,4.9
90,67,2.9
90,125,1.3
90,142,3.7
90,40,2.6
91,51,4.1
91,27,4.4
91,66,4.3
91,147,4.6
91,49,3.9
91,123,4.5
91,115,4.0
91,106,4.6
91,82,4.6
91,97,3.6
91,41,4.9
91,139,3.9
91,65,4.7
91,43,4.4
91,145,5.0
91,23,2.8
91,117,2.7
91,40,3.0
91,120,2.8
92,31,4.7
92,118,3.2
92,134,3.6
92,95,3.6
92,6,4.8
92,126,5.0
92,79,4.1
92,123,4.1
92,38,4.2
92,78,4.9
92,51,3.6
92,14,4.3
92,71,4.8
92,86,4.5
92,23,4.3
92,54,4.8
92,50,1.0
92,133,3.5
92,29,2.5
93,72,3.1
93,134,4.5
93,64,5.0
93,10,4.1
93,74,4.8
93,102,5.0
93,80,5.0
93,98,5.0
93,66,4.6
93,90,4.2
93,86,3.2
93,118,4.1
93,70,3.7
93,122,5.0
93,6,4.1
93,62,4.3
93,112,4.5
93,144,4.2
93,14,5.0
93,51,2.5
93,135,3.2
94,62,3.8
94,30,3.4
94,111,3.8
94,106,4.2
94,7,3.9
94,98,3.8
94,142,3.4
94,118,4.2
94,130,3.3
94,70,4.7
94,58,4.2
94,74,3.3
94,18,4.0
94,2,3.7
94,114,4.4
94,46,5.0
94,39,3.1
94,87,4.3
94,105,2.9
94,113,3.5
94,117,3.2
94,140,2.4
94,116,2.7
94,44,2.4
94,91,3.9
95,66,4.2
95,75,5.0
95,130,4.2
95,114,3.8
95,98,3.3
95,115,3.1
95,83,3.2
95,25,4.4
95,58,4.5
95,2,3.3
95,81,4.7
95,17,3.9
95,49,4.3
95,16,4.3
95,23,3.7
95,30,2.8
95,71,2.3
95,63,1.3
96,78,3.8
96,134,4.1
96,37,3.6
96,90,4.1
96,82,4.2
96,61,4.1
96,138,3.8
96,18,4.3
96,77,4.5
96,125,3.5
96,118,5.0
96,126,4.1
96,54,4.2
96,60,3.6
96,8,3.2
97,122,4.8
97,20,4.4
97,4,3.8
97,58,4.4
97,109,3.5
97,18,4.3
97,116,4.2
97,28,4.1
97,125,4.1
97,42,3.1
97,90,3.9
97,29,4.3
97,93,4.3
97,132,3.6
97,141,5.0
97,117,3.7
97,74,4.8
97,77,4.5
97,37,3.8
97,68,5.0
97,38,2.0
97,129,3.7
97,135,3.8
97,88,2.5
97,80,4.1
97,6,2.8
97,126,3.2
98,76,4.4
98,100,4.1
98,72,4.7
98,64,4.7
98,0,3.2
98,120,5.0
98,36,3.2
98,132,4.8
98,47,4.9
98,135,3.5
98,12,4.0
98,21,2.1
98,109,2.8
98,37,2.8
98,74,3.6
98,66,4.0
98,41,4.1
99,17,3.9
99,41,4.1
99,112,3.2
99,81,3.7
99,88,4.8
99,105,5.0
99,51,3.5
99,99,3.8
99,64,4.2
99,104,4.4
99,65,3.7
99,97,4.5
99,147,3.9
99,57,4.2
99,113,4.5
99,94,3.0
99,127,2.7
99,37,2.9
99,140,2.9
99,146,2.7
99,62,2.8
99,126,4.3
99,122,3.4
100,116,4.0
100,22,4.6
100,54,4.0
100,20,4.9
100,43,4.4
100,52,4.1
100,140,4.5
100,30,3.3
100,62,3.5
100,29,2.0
100,104,3.1
100,79,4.4
100,85,4.8
100,121,3.5
100,26,3.4
100,117,1.6
101,75,3.9
101,31,3.7
101,85,3.8
101,109,4.1
101,93,3.9
101,119,3.0
101,111,4.6
101,147,3.6
101,95,4.3
101,29,5.0
101,143,3.6
101,51,2.7
101,23,4.0
101,131,4.9
101,90,4.6
101,126,2.0
101,9,3.4
101,72,2.6
102,83,4.1
102,23,5.0
102,32,3.3
102,139,4.4
102,64,4.5
102,95,4.9
102,87,4.3
102,111,4.4
102,84,2.7
102,140,3.2
102,100,2.7
102,85,3.5
102,145,2.7
103,82,4.4
103,26,4.2
103,15,4.9
103,97,4.2
103,2,3.1
103,135,5.0
103,129,3.7
103,39,3.8
103,49,3.8
103,7,5.0
103,47,2.9
103,130,5.0
103,90,4.8
103,127,4.3
103,145,4.2
103,93,3.2
103,116,3.4
103,101,3.5
103,112,3.4
103,104,3.1
103,22,2.8
103,117,2.9
103,54,2.8
104,93,4.9
104,141,4.6
104,62,2.4
104,149,4.6
104,129,4.3
104,6,4.2
104,137,4.0
104,125,4.9
104,77,4.8
104,145,3.7
104,37,4.4
104,73,3.6
104,17,3.4
104,110,3.8
104,41,4.7
104,53,4.8
104,134,4.5
104,126,4.6
104,45,4.5
104,61,3.8
104,18,3.3
104,90,3.6
104,24,3.6
104,48,4.0
104,42,3.6
104,120,3.3
104,140,3.9
104,71,3.0
105,108,3.7
105,109,4.1
105,76,3.8
105,29,3.8
105,149,4.1
105,23,3.7
105,37,4.0
105,133,3.1
105,12,4.3
105,100,4.2
105,61,3.7
105,93,4.6
105,47,4.8
105,103,3.2
105,119,3.7
105,141,3.7
105,55,3.6
105,52,4.7
105,116,4.1
105,54,2.8
105,104,1.4
105,137,3.5
105,18,2.0
105,26,3.0
105,82,3.2
106,45,5.0
106,148,3.4
106,109,2.4
106,21,4.3
106,117,5.0
106,141,4.9
106,43,4.3
106,27,3.9
106,65,3.6
106,49,2.2
106,137,3.4
106,80,3.4
106,98,3.8
106,30,5.0
106,118,3.3
107,47,3.9
107,109,4.2
107,71,3.1
107,67,3.8
107,77,4.0
107,13,3.9
107,147,4.3
107,15,3.7
107,69,4.9
107,87,4.2
107,149,4.2
107,119,4.0
107,63,4.3
107,79,4.7
107,85,3.7
107,55,3.8
107,101,4.0
107,3,3.4
107,148,2.3
107,17,2.6
107,92,3.7
107,129,3.2
107,136,3.2
107,142,3.7
107,72,2.9
107,12,3.3
108,93,4.1
108,69,4.4
108,37,3.9
108,74,2.7
108,143,4.1
108,85,5.0
108,47,4.8
108,55,4.8
108,50,4.9
108,58,4.3
108,95,4.3
108,98,3.8
108,23,4.0
108,119,4.6
108,135,4.9
108,125,4.1
108,10,3.9
108,7,4.2
108,18,4.6
108,79,3.3
108,24,1.2
108,32,2.6
109,79,3.5
109,2,3.9
109,74,4.1
109,34,3.9
109,119,5.0
109,23,4.4
109,111,4.4
109,54,4.6
109,30,3.5
109,47,4.8
109,15,4.2
109,130,4.6
109,63,3.6
109,46,3.3
109,135,4.7
109,136,3.3
109,132,2.3
109,33,2.3
109,9,3.9
110,105,3.5
110,49,5.0
110,121,3.7
110,116,4.6
110,128,4.0
110,36,4.6
110,72,3.9
110,108,4.1
110,12,4.2
110,120,3.6
110,16,4.6
110,0,3.9
110,33,4.1
110,80,3.6
110,27,1.0
110,122,2.8
111,88,5.0
111,114,4.7
111,74,4.2
111,0,4.0
111,139,4.2
111,115,4.5
111,56,3.5
111,18,4.9
111,72,4.6
111,136,4.6
111,19,4.5
111,15,3.0
111,47,3.5
111,79,3.5
111,20,2.7
111,22,2.5
112,54,4.3
112,62,5.0
112,50,3.5
112,22,3.3
112,65,4.3
112,130,4.2
112,129,4.3
112,138,4.3
112,110,4.1
112,29,4.2
112,13,1.7
112,108,2.3
112,116,2.9
112,3,1.7
112,125,2.9
112,133,4.3
113,77,4.2
113,61,4.3
113,125,3.4
113,37,3.8
113,109,4.0
113,127,4.0
113,26,5.0
113,71,4.5
113,106,3.5
113,117,4.3
113,43,3.4
113,17,3.9
113,19,4.3
113,27,2.2
113,24,2.4
114,121,3.4
114,64,4.1
114,57,4.5
114,72,4.8
114,52,4.2
114,132,4.0
114,20,4.3
114,40,3.7
114,44,5.0
114,108,3.2
114,12,4.3
114,129,5.0
114,92,4.2
114,100,4.1
114,113,4.0
114,112,4.1
114,48,5.0
114,142,1.2
114,6,4.2
114,135,1.9
114,62,2.8
114,43,2.7
114,107,3.5
114,125,1.7
114,106,3.4
115,124,5.0
115,66,3.4
115,49,4.3
115,108,3.8
115,9,4.5
115,132,4.2
115,137,3.8
115,41,4.5
115,82,5.0
115,65,4.1
115,18,4.6
115,102,2.0
115,131,2.2
115,123,3.4
116,88,5.0
116,0,4.4
116,63,4.0
116,55,4.2
116,23,3.4
116,64,4.6
116,96,4.7
116,71,3.9
116,143,3.9
116,140,3.2
116,36,2.7
116,97,2.9
116,14,4.7
116,4,2.8
116,121,2.7
117,0,3.8
117,42,4.6
117,34,4.1
117,7,3.8
117,8,5.0
117,135,5.0
117,66,3.8
117,87,3.1
117,48,4.8
117,147,2.5
117,102,3.6
117,85,1.4
117,86,3.7
117,142,2.0
117,83,3.6
117,17,3.0
118,90,3.6
118,148,4.0
118,104,4.6
118,24,4.3
118,44,4.6
118,12,5.0
118,50,3.3
118,136,5.0
118,84,4.3
118,34,3.7
118,140,3.4
118,146,4.1
118,52,4.8
118,66,4.1
118,98,5.0
118,106,3.3
118,10,4.2
118,132,3.4
118,89,3.3
118,49,3.7
118,13,2.7
118,51,1.0
118,19,3.2
118,23,3.3
118,94,3.3
119,101,4.9
119,10,3.6
119,51,4.6
119,114,4.9
119,125,3.1
119,141,4.4
119,139,3.9
119,29,4.2
119,19,4.4
119,2,3.9
119,122,3.8
119,21,4.2
119,117,3.5
119,133,3.5
119,27,4.6
119,83,3.5
119,59,4.6
119,105,3.4
119,148,1.6
119,54,2.5
119,33,4.0
119,76,2.2
119,25,2.6
120,129,4.5
120,46,4.7
120,121,4.0
120,17,3.8
120,145,5.0
120,1,5.0
120,56,4.8
120,72,4.3
120,144,3.7
120,88,3.7
120,9,4.5
120,41,4.5
120,96,5.0
120,105,4.6
120,120,3.3
120,81,4.8
120,78,3.6
120,86,4.0
120,62,4.4
120,101,4.6
120,116,5.0
121,62,4.6
121,28,4.1
121,44,4.5
121,132,4.7
121,19,4.0
121,99,5.0
121,116,4.3
121,124,4.5
121,20,4.6
121,38,4.5
121,104,3.7
121,0,2.5
121,8,2.6
121,1,2.1
121,49,3.4
121,96,3.6
121,73,3.4
122,25,5.0
122,31,4.2
122,7,4.6
122,95,3.5
122,137,4.0
122,121,4.6
122,127,4.7
122,111,4.0
122,71,4.2
122,39,3.3
122,55,4.0
122,41,4.7
122,130,4.5
122,135,4.5
122,14,3.0
122,117,3.0
122,76,2.5
122,24,3.6
123,114,4.5
123,8,4.5
123,27,3.9
123,35,2.9
123,136,4.9
123,88,3.9
123,3,3.7
123,66,4.6
123,10,4.0
123,75,4.8
123,48,4.6
123,50,4.6
123,51,3.4
123,11,4.9
123,91,4.4
123,123,4.0
123,77,3.1
123,41,1.6
124,96,4.4
124,134,3.6
124,49,3.4
124,126,3.3
124,104,4.9
124,40,3.8
124,78,5.0
124,62,3.9
124,97,3.2
124,81,3.5
124,32,4.9
124,89,4.1
124,51,2.6
124,31,3.1
124,2,3.4
124,84,3.9
124,5,4.2
124,47,2.7
124,111,1.9
124,71,2.7
125,142,4.4
125,118,3.6
125,0,3.6
125,56,4.4
125,147,4.2
125,128,4.2
125,112,3.7
125,64,4.1
125,126,3.6
125,123,4.7
125,51,4.8
125,16,3.1
125,35,3.6
125,88,3.3
125,40,3.8
125,70,4.1
125,83,3.3
125,8,3.6
125,146,2.2
125,57,3.2
125,18,3.1
126,38,3.8
126,144,4.3
126,88,3.9
126,70,4.0
126,118,5.0
126,62,5.0
126,78,3.4
126,126,4.7
126,119,3.6
126,20,2.1
127,20,4.7
127,105,5.0
127,137,3.5
127,65,3.6
127,9,4.8
127,97,4.4
127,96,4.5
127,8,4.4
127,72,4.4
127,112,3.4
127,148,4.8
127,40,4.9
127,48,4.1
127,41,4.2
127,52,3.3
127,140,4.5
127,67,3.5
127,66,3.0
127,93,3.9
127,55,2.7
127,47,3.5
127,15,2.2
127,42,3.0
128,131,4.1
128,148,4.3
128,99,4.0
128,17,4.1
128,25,4.7
128,140,3.9
128,27,3.2
128,75,5.0
128,76,5.0
128,52,3.4
128,24,3.6
128,110,2.6
128,72,3.2
128,42,3.2
128,93,2.8
129,78,3.7
129,44,3.8
129,20,3.7
129,14,3.7
129,28,4.2
129,116,3.8
129,52,4.6
129,123,5.0
129,118,3.9
129,102,4.3
129,6,4.5
129,36,4.5
129,65,3.1
129,29,3.6
129,17,3.4
129,145,2.0
129,49,3.7
129,72,3.7
129,80,2.4
129,104,3.0
130,118,4.6
130,54,4.1
130,46,4.8
130,31,5.0
130,6,3.7
130,70,3.4
130,78,4.4
130,95,4.6
130,112,2.8
130,49,4.2
130,18,1.9
130,93,3.6
130,20,2.5
130,26,4.4
130,24,4.6
131,12,3.7
131,143,3.9
131,134,4.7
131,39,4.0
131,23,4.2
131,36,4.2
131,70,3.0
131,63,4.2
131,128,2.4
131,130,2.6
131,16,4.2
131,117,2.0
131,120,3.7
131,51,2.8
131,13,2.8
132,12,4.7
132,34,4.4
132,110,4.5
132,76,4.8
132,138,4.0
132,22,3.8
132,14,3.5
132,58,3.7
132,8,5.0
132,95,4.0
133,28,3.4
133,96,3.4
133,72,4.5
133,140,4.5
133,124,4.5
133,68,4.0
133,84,4.1
133,4,4.4
133,139,3.1
133,87,1.2
133,35,2.8
133,73,2.3
133,43,3.1
134,47,5.0
134,145,4.4
134,78,4.0
134,25,4.8
134,7,4.5
134,105,4.5
134,134,4.6
134,129,5.0
134,41,3.5
134,111,4.5
134,100,2.3
134,83,3.4
134,112,2.3
134,98,2.7
135,13,4.0
135,45,4.8
135,66,4.8
135,21,3.5
135,69,4.2
135,34,3.8
135,109,3.4
135,90,4.1
135,128,2.8
135,111,4.9
135,4,3.3
136,135,3.4
136,121,3.9
136,62,4.8
136,81,5.0
136,94,3.2
136,86,3.1
136,142,5.0
136,97,4.4
136,87,3.7
136,55,4.5
136,65,2.6
136,47,4.2
136,31,4.4
136,6,4.8
136,122,2.2
136,44,3.1
136,4,2.3
136,56,3.2
137,136,3.7
137,80,4.0
137,88,3.6
137,58,4.6
137,130,4.7
137,98,4.1
137,36,4.2
137,26,3.3
137,51,2.8
137,135,3.0
138,43,5.0
138,90,3.5
138,138,5.0
138,131,4.8
138,123,4.4
138,8,5.0
138,128,4.4
138,35,4.4
138,96,4.2
138,64,4.9
138,58,4.9
138,37,2.5
138,49,1.9
138,121,2.8
138,65,2.4
138,143,2.9
138,73,4.0
138,6,2.6
138,145,3.0
139,61,4.2
139,100,4.7
139,148,2.9
139,28,3.8
139,143,4.3
139,36,4.9
139,85,3.9
139,93,3.1
139,53,4.6
139,31,3.8
139,133,3.5
139,7,3.8
139,15,4.1
139,12,3.8
139,39,2.9
139,103,4.7
139,111,5.0
139,5,4.6
139,92,3.5
139,0,2.8
139,66,3.0
139,123,3.5
139,40,3.5
139,25,2.4
140,120,4.2
140,31,4.5
140,136,5.0
140,55,4.6
140,8,4.7
140,2,4.3
140,24,5.0
140,98,4.4
140,146,3.7
140,130,5.0
140,18,4.6
140,88,3.9
140,63,3.9
140,76,3.2
140,145,3.4
141,67,4.3
141,99,4.4
141,18,5.0
141,58,4.8
141,51,4.3
141,53,4.8
141,21,3.6
141,27,4.4
141,123,5.0
141,74,4.1
141,107,3.7
141,83,3.8
141,109,3.5
141,138,3.7
141,29,4.0
141,93,3.4
141,106,4.2
141,59,4.7
141,136,2.3
141,120,4.2
141,36,3.4
142,52,4.8
142,124,3.8
142,117,4.7
142,51,3.5
142,21,4.7
142,29,4.3
142,148,4.5
142,3,3.5
142,147,3.7
142,99,4.6
142,68,3.6
142,125,4.5
142,5,3.4
142,139,4.7
142,64,2.0
142,126,3.4
142,46,3.5
142,129,2.4
142,114,3.5
142,22,3.2
143,25,3.9
143,57,3.6
143,127,3.0
143,13,4.4
143,41,3.3
143,61,4.3
143,55,4.0
143,29,4.6
143,109,4.0
143,15,4.0
143,121,4.6
143,113,4.4
143,143,4.4
143,145,4.5
143,77,3.3
143,52,3.6
143,42,3.5
144,118,3.6
144,13,4.1
144,61,4.2
144,45,4.1
144,134,4.4
144,20,5.0
144,125,4.8
144,4,3.4
144,12,4.6
144,68,5.0
144,77,4.4
144,83,3.9
144,33,4.6
144,82,3.8
144,99,3.2
144,75,3.8
144,71,3.1
144,111,3.0
145,16,4.0
145,143,5.0
145,80,3.7
145,135,5.0
145,96,4.5
145,111,3.4
145,128,4.4
145,115,2.9
145,39,4.6
145,27,4.7
145,75,3.8
145,11,4.3
145,7,5.0
145,48,3.9
145,65,2.2
145,53,4.2
146,11,5.0
146,57,4.2
146,27,4.8
146,65,5.0
146,145,3.8
146,123,3.9
146,149,4.9
146,93,5.0
146,13,4.5
146,122,2.3
146,126,4.6
146,98,2.6
146,144,2.7
147,73,4.4
147,110,5.0
147,28,4.7
147,102,4.4
147,148,4.5
147,142,4.2
147,9,4.5
147,17,2.7
147,42,2.8
147,39,3.2
147,83,2.1
147,143,3.3
148,121,4.1
148,145,5.0
148,89,5.0
148,41,3.9
148,112,4.1
148,48,4.2
148,49,3.9
148,40,4.3
148,16,3.7
148,8,3.5
148,65,4.6
148,96,4.6
148,95,3.7
148,81,4.7
148,24,3.8
148,144,4.4
148,2,3.7
148,86,3.0
148,19,3.4
148,60,2.6
149,109,4.1
149,103,4.1
149,84,3.8
149,36,4.1
149,20,3.3
149,5,3.9
149,37,4.0
149,29,4.0
149,149,4.1
149,52,4.2
149,15,4.5
149,143,4.7
149,21,3.8
149,53,3.5
149,69,3.6
149,119,3.9
149,85,4.0
149,45,3.7
149,130,2.0
149,110,2.6
150,28,4.3
150,60,4.6
150,64,3.9
150,147,4.0
150,148,3.6
150,75,4.2
150,4,3.7
150,43,4.5
150,136,3.1
150,76,4.0
150,131,4.4
150,36,4.3
150,44,5.0
150,96,4.4
150,31,2.2
150,143,2.9
151,18,3.1
151,15,4.2
151,114,3.7
151,61,4.7
151,138,3.9
151,93,4.1
151,71,3.8
151,130,5.0
151,101,4.0
151,39,5.0
151,95,4.7
151,10,4.5
151,66,4.4
151,90,4.4
151,133,3.0
151,135,4.0
151,82,4.7
151,98,4.2
151,96,1.9
151,60,3.0
151,16,4.4
152,146,4.9
152,122,4.2
152,6,4.8
152,86,4.0
152,98,3.2
152,90,3.6
152,138,5.0
152,116,4.0
152,106,4.1
152,26,4.0
152,20,5.0
152,76,5.0
152,30,5.0
152,28,4.1
152,39,3.2
152,25,1.8
152,8,4.2
153,15,3.5
153,115,4.3
153,72,3.5
153,32,3.8
153,107,3.7
153,24,3.8
153,103,3.9
153,43,3.9
153,55,4.7
153,123,3.5
153,11,4.3
153,147,4.9
153,64,3.9
153,95,3.8
153,113,2.8
153,66,3.9
153,57,3.2
153,106,2.6
153,93,3.4
154,133,3.5
154,117,4.6
154,104,4.4
154,99,4.0
154,88,3.7
154,149,3.7
154,69,4.5
154,19,4.9
154,31,2.5
154,30,3.4
154,116,1.3
154,121,2.5
154,119,3.0
155,18,3.7
155,149,3.6
155,98,3.8
155,132,4.4
155,148,4.1
155,133,2.9
155,50,2.9
155,92,3.8
155,60,4.5
155,69,2.6
155,44,3.9
155,66,3.9
155,109,5.0
155,84,4.0
155,146,4.4
155,101,4.3
155,82,2.9
155,5,4.7
155,29,4.3
155,45,4.5
155,30,5.0
155,127,1.3
155,123,4.4
155,139,2.8
155,142,3.2
156,7,4.2
156,65,3.9
156,56,3.9
156,119,4.4
156,40,3.3
156,8,4.7
156,127,4.0
156,80,3.5
156,47,3.9
156,63,5.0
156,1,3.9
156,143,4.4
156,49,3.8
156,113,4.7
156,100,3.5
156,142,4.5
156,140,2.9
156,20,3.5
157,22,4.3
157,53,5.0
157,126,3.8
157,77,4.6
157,133,4.1
157,54,4.2
157,46,4.3
157,125,4.4
157,70,4.1
157,102,4.3
157,110,5.0
157,39,3.8
157,90,3.7
158,140,3.9
158,71,3.7
158,127,4.8
158,84,4.7
158,128,5.0
158,88,3.8
158,63,4.1
158,8,3.2
158,87,4.0
158,28,4.8
158,12,3.9
158,145,3.5
158,102,2.8
158,82,3.3
158,27,2.1
159,146,4.3
159,90,2.4
159,98,4.1
159,3,3.2
159,28,4.9
159,34,4.7
159,138,4.5
159,10,5.0
159,42,3.6
159,4,5.0
159,76,4.8
159,131,4.1
159,60,4.9
159,132,3.5
159,44,3.7
159,116,3.8
159,123,3.9
159,84,3.6
159,67,4.9
159,19,4.0
159,6,3.3
159,48,2.5
159,77,1.5
159,101,3.2
159,121,1.5
159,93,2.9
159,37,1.9
160,98,5.0
160,95,4.7
160,58,4.3
160,143,5.0
160,26,3.7
160,42,4.5
160,127,4.3
160,119,4.4
160,15,5.0
160,49,4.6
160,2,4.4
160,65,3.2
160,9,3.6
160,137,4.1
160,97,4.3
160,44,2.1
160,45,4.9
160,132,4.2
160,139,3.5
160,43,3.1
160,54,2.8
160,133,2.2
160,84,3.1
161,5,4.4
161,133,3.5
161,147,4.4
161,117,4.1
161,3,3.1
161,83,3.7
161,22,4.0
161,110,5.0
161,30,4.5
161,102,3.4
161,139,4.5
161,38,3.3
161,45,4.8
161,125,3.9
161,53,4.1
161,46,5.0
161,76,2.0
161,71,1.9
161,92,2.5
161,50,3.8
161,42,1.8
162,50,2.5
162,114,3.9
162,89,4.5
162,138,4.9
162,105,3.9
162,66,4.0
162,98,4.9
162,17,3.1
162,1,4.0
162,83,4.3
162,113,4.5
162,59,3.9
162,91,4.2
162,107,2.7
162,99,3.8
162,60,3.4
162,62,2.2
162,141,3.0
162,22,3.4
162,100,2.7
162,14,3.1
163,47,3.6
163,110,4.1
163,55,4.6
163,146,4.3
163,46,3.8
163,111,4.3
163,122,4.6
163,134,3.0
163,54,4.9
163,34,4.0
163,26,4.5
163,90,4.9
163,42,3.4
163,121,2.4
163,81,2.8
164,55,3.7
164,118,5.0
164,23,3.7
164,126,3.9
164,6,4.3
164,111,3.5
164,86,4.0
164,49,4.4
164,46,4.0
164,71,4.1
164,70,3.9
164,65,3.3
164,7,4.4
164,102,5.0
164,97,4.2
164,33,4.3
164,57,4.6
164,39,3.4
164,108,4.4
164,130,3.2
164,96,4.3
164,136,2.4
164,72,4.5
164,101,3.6
164,60,3.4
165,143,4.3
165,115,4.1
165,95,4.9
165,31,4.3
165,51,3.0
165,19,3.5
165,83,4.1
165,23,4.4
165,127,4.2
165,45,4.9
165,113,1.4
165,36,3.1
165,138,1.5
165,66,3.6
165,132,2.9
165,17,3.3
165,44,2.3
166,39,5.0
166,127,4.8
166,53,4.6
166,71,4.1
166,135,4.5
166,58,3.8
166,63,4.7
166,45,5.0
166,101,4.8
166,50,3.8
166,79,4.4
166,21,3.4
166,82,4.5
166,129,3.4
166,118,1.5
167,108,3.5
167,14,4.0
167,84,4.0
167,36,3.5
167,87,4.4
167,22,4.4
167,118,4.1
167,68,3.7
167,92,4.8
167,54,5.0
167,71,3.9
167,12,3.8
167,28,4.5
167,23,4.0
167,140,4.1
167,60,4.6
167,119,3.1
167,91,4.1
167,27,3.1
167,64,2.7
167,145,2.9
167,35,3.0
167,16,1.6
168,56,5.0
168,107,4.2
168,31,4.5
168,55,4.8
168,144,3.6
168,8,4.5
168,0,4.0
168,75,4.7
168,47,2.9
168,35,4.1
168,27,3.8
168,96,4.5
168,120,4.5
168,83,3.8
168,15,3.8
168,125,2.9
168,89,2.3
168,130,3.7
169,69,4.0
169,74,2.5
169,82,4.0
169,66,3.6
169,2,3.2
169,6,3.5
169,93,4.3
169,34,5.0
169,125,4.4
169,62,3.8
169,138,4.5
169,54,3.9
169,90,3.8
169,130,3.5
169,137,1.6
169,0,2.7
170,123,4.3
170,41,4.1
170,38,4.0
170,118,3.6
170,59,4.6
170,51,3.4
170,22,4.7
170,17,3.6
170,65,3.7
170,86,3.3
170,99,3.9
170,134,4.8
170,27,4.5
170,11,4.8
170,6,4.5
170,139,3.5
170,49,4.0
170,78,3.7
170,106,4.1
170,122,2.0
170,108,3.7
170,69,3.7
170,88,4.5
170,140,2.7
170,28,3.6
171,84,5.0
171,60,3.8
171,128,3.3
171,32,3.1
171,28,4.6
171,136,3.1
171,68,4.0
171,4,4.5
171,37,4.3
171,144,4.5
171,124,4.3
171,21,5.0
171,36,3.6
171,3,2.5
171,121,2.4
171,103,3.7
171,34,3.7
171,25,3.4
171,74,3.9
171,146,2.1
172,135,5.0
172,7,5.0
172,64,4.6
172,107,5.0
172,43,3.2
172,131,3.9
172,91,3.8
172,104,4.6
172,8,3.6
172,103,4.7
172,127,5.0
172,112,4.6
172,16,4.4
172,111,3.6
172,3,3.7
172,120,4.9
172,19,4.7
172,71,4.2
172,77,2.7
172,25,1.4
172,113,2.1
172,52,4.5
172,97,2.0
173,26,4.3
173,35,4.8
173,116,3.4
173,115,4.3
173,107,4.8
173,2,4.2
173,51,5.0
173,68,3.2
173,114,4.8
173,18,4.1
173,130,4.7
173,90,4.5
173,44,3.8
173,106,4.3
173,100,3.1
173,20,4.6
173,131,4.4
173,124,4.6
173,84,4.8
173,127,3.3
173,24,3.1
173,57,2.3
173,23,2.4
173,22,3.9
173,102,4.1
173,40,2.8
174,35,4.2
174,133,3.7
174,45,4.9
174,91,4.6
174,149,5.0
174,61,3.7
174,123,4.0
174,71,4.3
174,51,4.6
174,29,4.1
174,7,3.7
174,95,4.7
174,85,4.6
174,37,3.7
174,83,5.0
174,59,4.9
174,43,4.3
174,1,3.1
174,136,3.4
175,17,3.7
175,138,4.2
175,96,2.9
175,112,4.7
175,81,3.3
175,24,5.0
175,10,4.0
175,129,4.1
175,82,3.8
175,149,2.8
175,21,4.1
176,111,2.7
176,39,5.0
176,79,4.4
176,50,3.5
176,43,3.6
176,143,5.0
176,10,3.6
176,18,3.5
176,31,4.9
176,7,4.4
176,139,3.6
176,63,4.3
176,137,2.2
176,64,3.9
176,86,3.8
176,22,3.4
176,20,3.3
176,8,4.4
176,1,3.0
176,28,2.1
177,111,4.5
177,30,5.0
177,56,3.6
177,62,4.0
177,78,4.4
177,104,4.2
177,47,3.6
177,126,4.9
177,15,5.0
177,63,4.3
177,142,3.7
177,31,3.3
177,22,4.4
177,70,4.9
177,144,4.5
177,79,4.2
177,128,3.8
177,64,3.5
177,98,3.7
177,84,3.7
177,132,1.8
177,34,4.3
177,21,3.5
177,26,4.1
177,141,1.9
178,9,3.4
178,145,4.1
178,27,4.5
178,17,5.0
178,69,4.6
178,99,4.1
178,81,3.6
178,97,4.9
178,115,3.6
178,75,5.0
178,29,4.0
178,105,5.0
178,65,4.6
178,59,4.1
178,121,3.9
178,3,4.0
178,21,4.5
178,133,4.2
178,83,3.8
178,84,2.9
178,90,3.1
179,12,2.9
179,44,4.5
179,111,3.6
179,55,3.5
179,0,3.2
179,120,3.1
179,116,3.4
179,88,3.8
179,117,4.6
179,147,2.6
179,115,3.1
179,45,3.3
179,137,3.1
179,69,2.9
179,106,2.0
179,141,4.2
180,104,5.0
180,16,3.2
180,72,3.6
180,112,4.0
180,121,3.6
180,40,4.5
180,80,3.8
180,57,5.0
180,137,4.9
180,113,4.3
180,110,4.8
180,64,4.9
180,24,3.9
180,94,3.7
180,145,4.2
180,8,4.7
180,0,4.3
180,25,3.3
180,86,3.7
180,98,2.9
180,101,2.9
180,35,4.6
180,15,1.9
180,100,3.4
180,67,4.2
180,50,4.8
180,68,2.7
181,8,4.5
181,83,4.5
181,35,4.3
181,91,4.1
181,107,4.5
181,64,2.7
181,65,4.6
181,40,4.3
181,11,4.1
181,75,5.0
181,73,3.8
181,96,4.0
181,20,4.6
181,102,2.3
181,93,2.6
181,66,2.9
181,26,3.7
182,125,4.3
182,109,3.4
182,3,3.9
182,18,3.8
182,67,4.2
182,69,4.5
182,5,4.5
182,93,3.1
182,131,4.8
182,2,4.4
182,13,5.0
182,101,4.5
182,106,4.9
182,107,4.5
182,51,5.0
182,113,3.4
182,41,2.9
182,134,4.8
182,136,3.7
182,94,3.5
182,70,2.0
183,141,3.4
183,12,4.4
183,149,4.3
183,39,3.8
183,79,4.3
183,60,5.0
183,95,4.6
183,108,3.5
183,103,4.1
183,84,3.7
183,124,4.0
183,116,4.0
183,63,3.9
183,90,2.0
183,22,2.9
183,18,2.6
183,134,1.0
183,43,4.6
183,0,3.9
183,67,2.7
184,142,4.2
184,108,3.5
184,139,5.0
184,51,5.0
184,94,4.3
184,91,4.8
184,62,4.3
184,118,3.4
184,19,4.0
184,6,4.3
184,28,3.9
184,84,4.1
184,22,4.1
184,145,2.9
184,146,3.0
184,82,2.2
184,21,2.4
184,50,2.0
184,125,3.8
184,40,1.3
184,39,3.9
185,145,5.0
185,67,4.0
185,35,2.6
185,79,4.0
185,135,4.2
185,33,3.6
185,121,3.9
185,57,5.0
185,17,4.6
185,85,2.3
185,8,1.7
185,130,2.7
185,138,2.8
185,120,3.4
185,24,2.6
185,92,3.4
185,93,4.5
186,98,4.7
186,83,4.2
186,19,4.1
186,82,4.0
186,1,4.9
186,89,3.8
186,123,4.2
186,9,4.2
186,91,3.9
186,73,3.4
186,147,4.4
186,81,4.2
186,146,4.5
186,27,3.9
186,122,4.9
186,114,3.7
186,145,5.0
186,17,3.2
186,135,3.3
186,124,3.4
186,125,2.4
186,68,3.3
186,103,4.0
187,70,2.9
187,102,4.5
187,118,2.7
187,128,3.6
187,40,5.0
187,46,3.9
187,66,3.5
187,56,4.1
187,48,5.0
187,74,3.1
187,22,3.6
187,120,5.0
187,146,5.0
187,144,4.1
187,105,2.0
187,61,4.7
187,143,4.3
187,113,3.5
187,65,2.4
187,147,3.0
187,129,2.9
188,35,4.4
188,36,5.0
188,107,4.7
188,123,3.6
188,51,5.0
188,116,4.4
188,60,4.6
188,134,5.0
188,22,3.5
188,140,4.2
188,110,3.9
188,103,1.7
188,111,3.3
188,141,5.0
189,54,3.1
189,124,4.2
189,21,4.6
189,132,4.3
189,61,4.1
189,94,3.4
189,84,4.3
189,101,3.7
189,100,2.9
189,116,4.9
189,148,4.8
189,70,4.2
189,117,4.3
189,93,4.8
189,52,4.3
189,76,4.7
189,4,4.0
189,92,5.0
189,3,3.3
189,75,3.2
190,8,3.4
190,112,4.4
190,148,3.7
190,32,3.8
190,46,3.7
190,128,3.6
190,28,5.0
190,48,5.0
190,116,5.0
190,44,3.5
190,11,3.1
190,141,2.0
190,59,2.4
191,130,3.6
191,92,4.9
191,5,4.0
191,60,4.8
191,140,4.6
191,76,5.0
191,18,3.3
191,106,5.0
191,116,4.9
191,125,3.6
191,93,4.8
191,46,3.3
191,131,2.8
191,113,2.3
191,79,2.4
191,48,4.6
191,104,3.0
191,143,3.6
191,57,2.4
192,113,3.7
192,9,4.8
192,65,3.4
192,142,4.0
192,71,4.2
192,118,4.3
192,55,4.1
192,95,4.4
192,143,4.6
192,1,4.6
192,46,3.6
192,33,4.0
192,105,4.9
192,78,4.7
192,39,3.4
192,63,4.4
192,102,3.0
192,94,4.2
192,134,5.0
192,147,2.2
192,37,2.3
192,59,3.6
192,91,1.8
192,35,2.5
192,139,3.5
192,13,2.5
192,36,2.8
193,127,4.6
193,87,4.5
193,20,4.4
193,67,4.0
193,7,4.4
193,75,4.1
193,47,4.5
193,95,3.9
193,44,4.1
193,23,3.6
193,118,3.0
193,50,2.4
193,0,2.1
194,77,4.4
194,122,4.3
194,26,4.7
194,5,3.9
194,146,4.4
194,53,4.5
194,101,4.5
194,10,3.7
194,108,4.3
194,106,4.4
194,114,4.2
194,52,2.9
194,84,4.3
194,118,4.8
194,112,2.7
194,72,2.4
194,15,3.3
194,144,3.2
194,64,4.0
194,107,2.0
194,46,3.6
195,90,4.6
195,11,4.1
195,134,4.4
195,86,4.8
195,27,4.7
195,70,3.5
195,91,4.7
195,131,4.2
195,67,4.2
195,14,4.2
195,45,2.9
195,44,4.0
195,135,2.9
195,68,2.1
196,61,4.0
196,49,4.3
196,35,4.9
196,129,4.6
196,105,3.7
196,89,5.0
196,81,4.4
196,93,5.0
196,141,4.1
196,109,4.5
196,1,4.7
196,19,4.9
196,113,4.8
196,92,3.7
196,48,2.7
196,132,2.5
196,126,3.3
197,41,4.8
197,6,4.1
197,115,4.8
197,54,5.0
197,65,3.7
197,134,3.7
197,19,4.1
197,137,4.4
197,43,3.9
197,91,5.0
197,49,4.5
197,3,4.2
197,89,3.3
197,62,3.4
197,86,4.4
197,110,2.9
197,75,4.8
197,8,2.9
197,60,5.0
197,133,4.8
197,39,2.9
197,66,2.9
198,13,4.8
198,16,5.0
198,26,3.2
198,130,3.1
198,90,3.8
198,138,4.5
198,0,4.5
198,106,4.8
198,10,3.5
198,34,2.8
198,112,4.7
198,141,3.7
198,125,3.0
198,114,4.3
198,72,4.7
198,146,4.1
198,110,2.6
198,143,2.9
198,89,2.7
199,141,3.4
199,13,3.8
199,127,4.5
199,117,4.4
199,27,4.3
199,5,3.6
199,79,4.1
199,123,2.9
199,59,4.3
199,7,5.0
199,15,3.3
199,147,3.8
199,11,4.4
199,31,5.0
199,45,3.9
199,95,3.8
199,119,3.0
199,99,4.3
199,46,4.6
199,52,3.2
199,82,3.0
199,78,3.3
199,90,3.0
199,128,2.3
199,81,3.7
199,88,3.2
200,6,4.2
200,69,3.6
200,118,5.0
200,22,4.6
200,94,3.9
200,5,4.8
200,111,3.9
200,126,3.7
200,109,3.7
200,14,3.1
200,102,4.5
200,7,3.1
200,125,3.5
200,100,1.3
200,19,2.9
200,58,2.9
200,138,2.7
201,99,3.6
201,11,3.5
201,48,4.5
201,128,3.9
201,74,4.4
201,64,3.7
201,66,4.3
201,112,5.0
201,2,4.6
201,80,4.0
201,26,4.4
201,90,4.1
201,29,3.0
201,81,2.7
201,111,2.9
202,108,4.3
202,26,3.6
202,52,3.6
202,116,3.4
202,134,3.2
202,124,3.5
202,110,4.3
202,62,3.7
202,2,4.5
202,94,4.2
202,138,3.0
202,146,4.6
202,8,3.6
202,0,2.2
203,102,4.5
203,69,3.7
203,93,4.3
203,94,3.4
203,14,3.1
203,53,4.0
203,37,4.1
203,126,4.0
203,128,3.5
203,125,4.0
203,61,4.4
203,133,4.2
203,70,4.3
203,110,3.8
203,86,4.9
203,24,3.5
203,29,4.5
203,44,3.9
203,124,3.4
203,51,2.8
204,20,3.9
204,31,4.8
204,112,3.3
204,136,3.6
204,96,4.0
204,8,4.9
204,128,4.4
204,95,3.6
204,79,4.0
204,111,3.8
204,132,3.8
204,59,3.8
204,137,1.9
205,45,5.0
205,16,4.7
205,32,4.9
205,125,3.9
205,101,4.1
205,85,3.3
205,56,3.9
205,61,4.5
205,23,5.0
205,132,2.1
205,49,2.7
205,19,2.9
205,58,1.9
205,126,3.5
205,12,2.4
205,38,2.8
206,83,3.9
206,75,3.7
206,58,4.2
206,106,4.1
206,114,4.0
206,51,3.8
206,117,4.4
206,99,5.0
206,26,4.3
206,98,4.8
206,125,3.4
206,61,4.3
206,53,3.5
206,33,1.8
206,0,2.4
206,64,4.0
206,49,3.8
206,46,3.2
207,123,3.3
207,107,4.1
207,72,4.4
207,43,4.3
207,59,3.1
207,19,3.7
207,114,4.2
207,122,4.5
207,56,2.9
207,80,4.1
207,75,4.3
207,74,4.7
207,58,4.6
207,50,4.5
207,82,3.7
207,91,3.1
207,16,4.0
207,27,4.8
207,99,5.0
207,57,3.6
207,29,3.3
208,34,4.4
208,44,3.9
208,124,4.1
208,108,5.0
208,12,3.6
208,143,5.0
208,138,4.0
208,4,5.0
208,87,3.4
208,140,4.6
208,130,3.8
208,100,3.4
208,119,4.3
208,68,4.8
208,116,3.7
208,36,3.3
208,112,2.9
208,53,2.9
209,93,4.5
209,80,4.8
209,110,4.2
209,133,5.0
209,24,4.3
209,62,4.0
209,69,3.2
209,38,4.0
209,101,4.0
209,125,4.8
209,48,4.5
209,22,3.5
209,78,4.3
209,86,4.6
209,112,5.0
209,14,4.7
209,74,3.6
209,103,3.0
209,2,3.3
209,135,4.0
209,49,1.9
210,109,4.0
210,118,3.7
210,30,4.4
210,133,4.9
210,87,3.8
210,23,2.8
210,78,4.0
210,142,4.7
210,31,4.5
210,101,4.5
210,125,4.0
210,117,3.4
210,29,4.5
210,85,3.7
210,62,5.0
210,7,4.5
210,39,3.9
210,86,3.8
210,103,4.1
210,14,4.1
210,74,3.9
210,44,3.1
210,8,2.4
210,136,4.5
211,90,4.2
211,134,4.7
211,62,3.8
211,66,4.4
211,82,4.4
211,78,3.1
211,6,5.0
211,133,5.0
211,110,4.0
211,54,3.5
211,18,4.4
211,105,3.1
211,129,3.3
211,56,3.2
211,52,3.4
211,119,4.2
211,111,3.5
211,115,2.2
212,68,5.0
212,111,5.0
212,148,5.0
212,63,3.5
212,102,4.3
212,143,3.0
212,14,4.5
212,92,3.9
212,46,5.0
212,142,3.7
212,105,1.6
212,81,2.6
212,72,1.4
213,84,4.7
213,135,3.0
213,80,4.2
213,103,3.0
213,0,4.0
213,87,5.0
213,23,4.4
213,76,3.7
213,28,4.2
213,39,4.2
213,12,4.5
213,144,3.4
213,111,4.6
213,43,1.0
213,30,2.5
213,37,2.6
213,33,3.5
214,102,4.2
214,123,3.4
214,141,3.6
214,21,4.3
214,115,4.2
214,38,3.9
214,70,3.9
214,59,4.6
214,125,3.9
214,142,4.1
214,83,5.0
214,117,3.3
214,147,3.1
214,41,3.6
214,120,2.5
214,32,2.7
214,130,2.4
214,82,2.8
215,41,5.0
215,5,4.7
215,21,4.7
215,97,3.4
215,100,3.5
215,28,2.5
215,145,3.7
215,108,4.8
215,8,3.4
215,118,2.8
215,30,3.0
215,11,2.4
215,34,3.2
215,54,3.6
216,88,3.2
216,65,4.4
216,99,4.8
216,96,4.0
216,105,4.6
216,1,5.0
216,121,4.1
216,131,4.4
216,112,3.8
216,48,4.3
216,45,3.4
216,93,3.2
217,81,3.6
217,147,4.3
217,27,5.0
217,39,4.5
217,71,4.8
217,103,4.1
217,25,4.6
217,99,4.4
217,31,3.6
217,105,4.4
217,113,3.6
217,87,3.8
217,43,4.3
217,143,4.4
217,57,3.5
217,79,4.8
217,135,4.5
217,13,2.4
217,46,1.8
217,77,2.9
217,78,2.6
217,26,3.1
217,21,2.7
218,32,3.0
218,88,4.0
218,86,4.0
218,116,4.6
218,70,3.8
218,24,5.0
218,102,3.1
218,16,5.0
218,97,2.8
218,125,3.7
218,122,3.1
219,134,4.9
219,93,4.0
219,86,3.5
219,128,5.0
219,21,4.1
219,14,4.3
219,80,4.9
219,112,3.6
219,123,3.5
219,111,2.5
219,1,2.9
220,116,4.2
220,110,3.3
220,74,3.7
220,90,5.0
220,70,4.7
220,62,4.2
220,6,4.3
220,118,4.0
220,140,5.0
220,142,4.1
220,38,4.3
220,82,4.9
220,66,3.7
220,60,5.0
220,100,3.3
220,98,5.0
220,18,4.0
220,124,4.1
220,22,3.1
220,44,3.9
220,47,2.2
220,16,2.5
220,57,2.9
220,121,3.8
220,111,3.2
221,46,4.4
221,33,3.5
221,1,3.7
221,121,5.0
221,127,3.8
221,142,5.0
221,97,4.1
221,89,4.2
221,22,4.8
221,135,5.0
221,134,4.1
221,65,4.0
221,111,4.2
221,38,4.4
221,64,3.7
221,83,3.0
221,74,3.5
221,20,4.3
221,29,3.3
221,85,3.2
221,132,1.8
222,45,2.6
222,149,4.4
222,93,4.1
222,76,3.9
222,100,4.3
222,62,4.2
222,108,4.9
222,46,4.3
222,117,3.8
222,69,4.8
222,37,4.1
222,70,4.5
222,94,3.9
222,126,3.8
222,84,4.3
222,30,4.2
222,134,4.5
222,113,2.8
222,97,1.5
222,50,2.7
222,63,3.6
222,115,2.8
222,71,2.8
223,121,4.8
223,66,3.8
223,126,3.3
223,22,4.1
223,113,3.9
223,18,3.6
223,142,4.1
223,38,4.5
223,74,4.2
223,118,4.4
223,26,5.0
223,17,4.0
223,34,4.4
223,86,3.9
223,145,3.7
223,57,3.8
223,94,3.9
223,9,4.4
223,146,5.0
223,65,3.8
223,0,2.7
223,19,2.9
223,29,3.3
223,96,3.2
223,123,4.0
223,88,1.1
223,13,1.1
224,36,3.9
224,60,4.9
224,12,3.3
224,100,2.4
224,4,4.5
224,123,4.3
224,65,3.5
224,67,3.6
224,105,3.6
224,108,4.3
224,89,3.8
224,49,4.5
224,122,1.0
224,13,2.3
224,37,2.1
224,130,2.8
224,102,2.6
224,90,3.6
224,2,1.5
225,147,4.2
225,115,4.5
225,139,5.0
225,91,3.9
225,51,4.4
225,35,3.1
225,7,2.8
225,103,4.7
225,87,4.2
225,140,4.9
225,119,3.4
225,125,3.4
225,33,4.5
225,137,3.3
226,59,4.4
226,41,4.2
226,107,3.3
226,1,5.0
226,26,3.8
226,11,4.5
226,43,3.3
226,130,3.5
226,72,4.1
226,136,2.7
226,80,4.2
226,84,2.9
226,120,1.5
227,90,4.7
227,2,3.8
227,124,4.6
227,122,4.2
227,11,3.3
227,12,4.3
227,92,5.0
227,50,4.5
227,123,4.2
227,132,4.8
227,99,4.3
227,71,3.2
227,56,2.1
227,46,3.2
227,125,3.8
228,78,3.7
228,67,5.0
228,96,4.1
228,0,3.7
228,43,4.8
228,30,4.0
228,70,4.7
228,86,4.0
228,16,4.2
228,94,4.5
228,11,4.4
228,60,1.4
228,69,2.1
228,23,3.7
228,105,2.9
228,52,2.6
228,109,1.9
229,100,3.6
229,45,3.0
229,119,4.1
229,77,3.8
229,68,3.6
229,149,4.2
229,84,4.4
229,44,5.0
229,60,3.3
229,79,4.9
229,117,4.8
229,125,3.7
229,101,4.3
229,5,3.9
229,133,4.3
229,21,5.0
229,148,4.6
229,13,4.5
229,140,3.9
229,39,3.3
229,142,2.8
229,46,4.0
229,64,1.8
229,82,2.2
229,72,3.1
229,105,2.2
229,107,2.4
230,115,3.9
230,139,3.4
230,42,3.6
230,40,4.6
230,48,3.4
230,11,3.2
230,66,3.8
230,114,4.6
230,70,2.8
230,15,2.6
230,113,3.0
230,37,1.6
230,97,3.4
230,65,3.3
230,73,2.7
231,98,4.8
231,45,3.5
231,29,4.9
231,125,4.3
231,116,4.0
231,34,4.2
231,84,4.1
231,141,4.9
231,138,3.6
231,42,3.7
231,132,4.8
231,54,2.5
231,41,3.7
231,47,4.4
231,40,2.7
231,49,3.5
231,127,2.1
231,72,3.6
231,31,3.2
232,18,4.5
232,21,3.8
232,14,3.2
232,117,4.5
232,114,3.0
232,85,4.0
232,106,4.8
232,2,4.3
232,93,5.0
232,6,4.8
232,82,3.8
232,62,4.2
232,133,4.2
232,54,3.3
232,134,3.6
232,98,3.9
232,46,3.0
232,110,4.2
232,30,4.1
232,86,3.2
232,80,3.3
232,44,3.6
232,116,3.2
232,25,2.7
233,90,4.6
233,138,4.6
233,74,4.4
233,82,3.7
233,94,4.4
233,7,4.9
233,87,3.8
233,62,5.0
233,139,2.6
233,35,3.0
233,92,2.5
233,24,3.2
233,141,1.6
234,79,3.9
234,55,3.5
234,119,4.3
234,3,4.8
234,139,4.6
234,118,2.8
234,38,5.0
234,67,4.4
234,102,3.7
234,19,4.3
234,143,4.3
234,63,3.8
234,107,4.3
234,46,3.8
234,31,4.0
234,95,3.8
234,48,1.9
234,53,3.1
234,96,3.5
234,124,3.4
235,63,4.7
235,31,4.4
235,83,3.9
235,73,4.7
235,35,3.4
235,71,3.7
235,119,3.6
235,129,4.8
235,147,4.8
235,127,4.5
235,67,4.8
235,47,3.7
235,75,4.4
235,117,2.9
235,26,3.7
235,140,2.9
236,140,4.0
236,18,4.5
236,124,4.7
236,45,3.8
236,138,4.2
236,42,3.6
236,93,2.7
236,74,4.3
236,66,4.6
236,34,4.4
236,26,3.0
236,31,2.7
236,96,1.2
236,1,4.1
236,35,2.1
236,86,4.0
236,102,3.8
236,27,2.3
236,128,2.1
237,92,4.4
237,124,3.7
237,53,4.3
237,133,3.9
237,84,3.1
237,52,2.9
237,44,4.3
237,93,3.9
237,96,3.9
237,8,4.6
237,68,4.9
237,16,4.0
237,117,4.0
237,28,4.5
237,125,3.4
237,36,4.3
237,51,3.4
237,97,3.5
237,129,1.5
237,19,2.4
237,91,2.3
237,67,3.1
237,54,3.4
237,74,4.2
238,94,3.9
238,146,3.9
238,136,4.9
238,42,4.4
238,58,5.0
238,2,4.4
238,70,3.5
238,18,3.4
238,142,3.3
238,114,4.6
238,102,4.9
238,32,5.0
238,96,4.7
238,133,3.9
238,109,2.5
238,36,2.1
238,59,3.7
238,73,3.3
238,67,3.1
239,85,4.4
239,84,4.4
239,132,5.0
239,125,5.0
239,76,4.5
239,13,4.7
239,64,4.5
239,104,3.9
239,48,4.7
239,77,3.4
239,108,4.8
239,24,3.5
239,28,4.4
239,124,3.7
239,56,4.5
239,69,4.2
239,116,3.2
239,144,4.5
239,82,2.5
239,15,3.7
239,17,3.0
239,33,3.3
239,70,2.2
239,47,2.5
240,55,3.9
240,111,4.7
240,50,5.0
240,122,3.7
240,47,4.8
240,103,2.9
240,143,3.5
240,70,3.6
240,135,3.4
240,78,3.2
240,63,4.4
240,102,4.1
240,90,4.4
240,83,3.6
240,33,3.2
240,36,3.5
240,3,2.9
240,25,2.1
241,42,4.8
241,114,3.8
241,43,3.6
241,124,4.1
241,116,3.7
241,140,3.9
241,12,4.4
241,35,4.4
241,27,3.7
241,67,3.9
241,18,4.8
241,123,4.5
241,11,5.0
241,82,4.9
241,92,4.9
241,10,3.4
241,3,4.7
241,138,4.2
241,90,3.9
241,16,3.1
241,22,3.8
241,54,3.4
241,127,2.3
241,31,3.6
241,134,2.5
241,79,3.2
241,63,2.8
242,41,4.1
242,125,4.7
242,49,3.6
242,75,5.0
242,107,3.1
242,21,3.8
242,137,4.4
242,89,4.6
242,27,4.1
242,3,4.2
242,5,4.4
242,72,2.8
242,66,4.1
242,96,3.7
242,95,3.7
242,111,2.2
242,55,2.9
242,112,2.8
243,22,3.6
243,118,4.4
243,93,3.9
243,30,4.6
243,101,3.6
243,102,5.0
243,78,3.7
243,109,4.3
243,126,4.7
243,132,3.9
243,100,4.7
243,76,3.5
243,92,5.0
243,125,4.2
243,116,3.8
243,63,2.8
243,71,3.6
243,97,2.5
243,111,2.4
243,47,2.8
243,17,2.1
244,50,5.0
244,61,3.9
244,69,4.7
244,42,4.3
244,24,3.6
244,149,4.2
244,0,4.7
244,133,4.1
244,88,4.9
244,21,4.8
244,58,4.8
244,48,3.9
244,80,3.6
244,90,3.8
244,130,4.3
244,100,3.4
244,99,1.3
244,62,3.0
244,3,3.1
244,89,2.8
244,60,4.0
244,123,3.3
245,131,5.0
245,0,4.1
245,91,4.8
245,59,5.0
245,32,5.0
245,67,3.5
245,144,4.0
245,72,4.0
245,66,4.5
245,40,4.6
245,26,3.7
245,133,3.1
245,79,1.4
245,78,4.2
245,46,2.6
245,54,3.0
245,17,2.8
245,87,3.9
246,40,2.5
246,88,4.2
246,128,4.1
246,136,3.9
246,104,5.0
246,140,3.7
246,116,4.7
246,114,4.4
246,44,5.0
246,48,3.8
246,108,3.8
246,90,4.9
246,144,4.5
246,68,3.3
246,32,3.9
246,10,4.4
246,28,4.7
246,20,3.8
246,23,1.0
246,131,3.4
246,94,2.0
246,127,1.4
247,47,2.5
247,119,4.7
247,104,4.3
247,82,4.1
247,32,5.0
247,55,4.6
247,2,5.0
247,24,3.4
247,8,4.2
247,90,3.2
247,130,4.1
247,31,4.1
247,16,4.6
247,48,4.2
247,146,4.6
247,147,3.6
247,91,4.7
247,149,2.7
248,39,3.6
248,15,4.3
248,27,3.7
248,3,5.0
248,85,4.0
248,37,3.9
248,59,3.9
248,71,4.6
248,100,2.9
248,74,2.5
248,94,4.3
248,142,2.3
249,6,4.2
249,57,4.6
249,14,3.2
249,129,4.5
249,25,3.6
249,9,4.7
249,46,3.6
249,66,4.6
249,10,4.9
249,90,4.7
249,81,4.4
249,30,4.1
249,33,3.9
249,42,5.0
249,65,3.8
249,1,3.6
249,18,4.6
249,41,3.7
249,110,3.6
249,74,3.3
249,7,2.6
249,40,2.9
249,93,3.2
250,133,4.8
250,20,4.5
250,92,4.1
250,116,4.1
250,37,4.5
250,84,5.0
250,68,4.3
250,117,3.9
250,53,3.6
250,54,3.3
250,29,4.6
250,109,4.5
250,6,4.5
250,94,4.1
250,142,5.0
250,21,3.9
250,45,4.8
250,134,4.2
250,126,3.8
250,73,3.5
250,9,3.3
250,136,3.3
251,20,4.2
251,41,4.2
251,108,5.0
251,73,4.9
251,54,4.6
251,1,4.3
251,28,4.8
251,46,4.5
251,100,4.2
251,148,4.0
251,68,4.2
251,50,1.0
251,2,3.2
251,8,2.6
251,119,4.3
251,141,3.0
251,96,2.0
251,122,3.0
251,31,2.2
252,132,4.5
252,14,4.4
252,43,4.8
252,28,3.7
252,84,4.2
252,147,3.4
252,116,4.6
252,107,4.5
252,59,4.5
252,108,4.2
252,11,4.4
252,123,5.0
252,60,4.0
252,31,3.1
252,143,2.1
252,109,2.3
252,21,3.1
252,25,3.9
252,98,2.8
252,47,2.8
253,93,4.0
253,133,3.9
253,109,4.4
253,130,3.3
253,60,5.0
253,138,3.8
253,76,4.6
253,124,3.4
253,34,4.6
253,4,4.6
253,117,4.4
253,66,3.6
253,140,4.3
253,27,2.1
253,51,2.8
253,8,3.8
253,99,3.6
253,144,3.0
253,89,2.2
253,113,3.5
254,89,4.2
254,115,2.8
254,81,4.7
254,32,4.2
254,96,4.9
254,27,3.5
254,147,2.3
254,57,4.4
254,51,4.4
254,121,3.2
254,75,3.6
254,43,5.0
254,124,2.8
254,114,3.6
254,34,2.5
254,14,1.3
254,109,2.9
254,31,2.8
254,93,2.7
254,61,2.9
255,90,4.4
255,62,4.1
255,78,3.4
255,1,4.5
255,130,3.0
255,106,3.0
255,86,4.6
255,65,4.5
255,122,4.2
255,30,3.4
255,2,3.8
255,105,4.0
255,75,1.7
255,127,2.4
255,48,3.5
255,67,4.1
255,148,2.7
255,13,3.6
255,135,1.5
255,109,3.5
256,36,3.7
256,92,4.4
256,118,4.1
256,86,5.0
256,134,3.7
256,95,4.6
256,28,4.0
256,108,4.1
256,52,4.1
256,55,3.7
256,71,4.2
256,111,4.2
256,124,4.3
256,22,4.3
256,105,3.6
256,133,3.7
257,5,3.6
257,141,4.7
257,21,3.5
257,29,4.6
257,149,4.6
257,32,3.1
257,16,4.3
257,83,3.9
257,136,3.7
257,7,4.1
257,118,2.5
258,140,3.7
258,64,4.2
258,112,4.6
258,82,4.1
258,88,4.9
258,104,4.5
258,116,2.9
258,98,3.9
258,42,3.9
258,8,4.5
258,60,2.6
258,36,5.0
258,100,4.5
258,10,4.3
258,0,4.9
258,34,5.0
258,148,4.7
258,12,4.8
258,131,3.1
258,13,2.9
258,75,2.6
258,115,2.3
258,86,2.5
259,131,3.4
259,121,4.2
259,9,3.2
259,138,4.3
259,105,4.2
259,43,4.3
259,89,3.9
259,3,5.0
259,122,5.0
259,10,3.5
259,50,4.3
259,123,3.8
259,34,3.6
259,21,1.9
259,149,3.3
259,47,2.5
259,110,3.8
259,79,3.8
259,39,4.1
260,91,3.7
260,115,4.5
260,43,4.6
260,99,3.9
260,108,3.7
260,31,5.0
260,95,4.3
260,127,4.6
260,132,3.7
260,71,3.5
260,19,3.9
260,129,2.9
260,117,2.1
260,72,3.0
260,137,1.6
260,93,2.1
260,142,3.5
260,136,3.5
260,86,2.7
261,29,3.6
261,135,3.6
261,31,4.0
261,95,4.6
261,69,4.8
261,87,3.9
261,56,3.5
261,112,4.4
261,149,3.7
261,122,2.6
261,90,4.1
261,73,3.7
261,65,3.1
261,113,2.0
261,66,3.2
262,71,4.8
262,128,4.0
262,107,5.0
262,72,5.0
262,123,5.0
262,55,4.4
262,103,4.6
262,40,5.0
262,96,4.5
262,91,3.9
262,35,3.9
262,64,4.3
262,95,3.4
262,52,2.9
262,74,3.9
262,92,1.2
262,81,4.2
262,1,3.9
262,148,2.6
262,6,3.4
263,101,4.2
263,4,4.9
263,89,4.8
263,21,3.4
263,52,4.6
263,1,4.1
263,140,4.2
263,37,3.8
263,36,5.0
263,53,4.8
263,148,3.8
263,117,3.4
263,56,2.7
263,112,3.3
263,104,3.2
263,114,4.0
263,118,3.6
263,31,3.8
263,19,3.3
263,7,1.9
264,59,4.1
264,25,4.8
264,21,4.2
264,43,4.5
264,61,4.0
264,99,3.6
264,41,4.1
264,37,4.4
264,141,3.8
264,51,4.1
264,13,3.6
264,97,4.9
264,67,4.0
264,121,5.0
264,35,5.0
264,15,2.9
264,148,2.2
264,66,1.3
264,98,1.8
264,36,1.9
264,100,4.1
264,142,3.1
265,99,4.4
265,140,2.9
265,19,3.5
265,101,4.7
265,109,4.4
265,52,4.1
265,5,4.5
265,124,5.0
265,149,4.1
265,67,4.2
265,13,4.3
265,11,5.0
265,59,2.9
265,60,4.6
265,75,4.1
265,69,4.5
265,20,3.8
265,37,4.2
265,141,4.6
265,129,5.0
265,128,3.6
266,8,3.7
266,49,3.9
266,88,3.9
266,7,3.1
266,55,4.0
266,89,4.6
266,96,3.4
266,24,4.8
266,136,4.5
266,87,3.8
266,119,4.1
266,39,5.0
266,128,4.6
266,145,4.2
266,149,2.8
266,82,3.1
266,92,2.6
266,123,1.3
266,117,4.6
266,102,3.1
266,19,3.3
267,72,4.2
267,48,3.8
267,131,4.1
267,66,3.2
267,24,5.0
267,19,3.5
267,56,3.6
267,11,3.9
267,80,5.0
267,96,4.2
267,8,3.5
267,84,4.0
267,54,3.6
267,17,3.4
267,103,3.6
267,89,4.9
267,143,4.7
268,128,3.8
268,23,5.0
268,80,4.4
268,95,4.5
268,32,3.2
268,81,4.1
268,65,3.7
268,111,4.7
268,96,4.8
268,136,3.0
268,125,3.0
268,108,3.9
268,51,2.9
268,14,3.6
268,54,3.3
268,90,3.3
269,115,4.0
269,98,3.5
269,14,3.5
269,19,4.6
269,114,4.2
269,70,4.1
269,74,3.9
269,62,4.0
269,59,4.8
269,34,4.0
269,54,3.4
269,126,4.6
269,102,4.1
269,5,3.0
269,63,4.3
269,33,3.0
269,71,3.2
269,125,2.1
269,89,2.8
269,127,3.5
270,78,3.3
270,7,4.3
270,142,4.3
270,39,4.2
270,37,4.8
270,118,4.4
270,63,5.0
270,29,3.6
270,126,4.3
270,15,4.3
270,148,2.1
270,9,3.8
271,108,5.0
271,28,4.2
271,142,4.5
271,141,4.3
271,52,3.8
271,4,3.1
271,60,3.8
271,118,3.4
271,21,5.0
271,53,4.1
271,77,4.0
271,2,3.7
271,66,2.1
271,41,2.4
271,107,3.1
271,42,3.8
272,91,4.5
272,90,4.3
272,130,4.2
272,43,4.4
272,93,4.3
272,82,3.6
272,106,4.2
272,123,3.6
272,26,4.2
272,117,3.9
272,125,5.0
272,4,3.0
272,78,1.9
272,119,2.9
272,135,3.4
272,108,4.3
272,8,2.5
272,52,1.7
273,9,4.7
273,49,3.4
273,33,3.9
273,134,4.0
273,118,4.2
273,105,4.6
273,46,3.8
273,147,4.0
273,78,4.2
273,110,4.3
273,13,3.1
273,79,3.3
274,46,4.7
274,112,4.4
274,144,4.5
274,62,3.3
274,16,4.2
274,2,4.5
274,48,4.6
274,110,3.8
274,64,3.8
274,38,3.9
274,126,4.5
274,86,4.8
274,136,4.0
274,54,4.7
274,82,4.3
274,102,4.1
274,90,4.1
274,14,4.6
274,41,3.3
274,103,4.8
274,93,2.3
275,121,4.5
275,3,3.9
275,5,3.7
275,41,4.2
275,89,4.3
275,51,5.0
275,57,4.1
275,83,3.5
275,67,4.4
275,125,3.0
275,27,4.1
275,147,4.2
275,59,4.7
275,115,4.8
275,117,3.9
275,113,4.1
275,62,2.4
275,48,2.1
275,103,3.2
275,56,2.0
275,12,2.7
275,128,2.2
275,52,3.4
276,138,5.0
276,2,3.4
276,95,3.1
276,47,4.1
276,39,4.2
276,25,4.3
276,57,3.9
276,66,4.1
276,113,4.4
276,23,4.8
276,15,3.0
276,65,4.0
276,89,4.3
276,105,3.6
276,128,4.4
276,140,2.5
276,46,3.0
276,85,3.4
276,48,2.5
276,117,1.5
276,30,2.7
276,86,3.8
277,101,4.0
277,57,3.7
277,74,4.8
277,90,4.0
277,21,3.9
277,34,4.3
277,109,4.7
277,138,5.0
277,98,4.7
277,141,4.9
277,114,3.9
277,33,3.6
277,28,3.0
277,63,3.1
277,142,2.1
277,144,2.9
277,108,3.3
277,88,3.3
277,30,3.4
277,134,3.2
278,27,3.9
278,53,3.9
278,11,3.5
278,93,5.0
278,91,4.2
278,123,4.1
278,19,3.6
278,29,5.0
278,147,3.6
278,24,3.9
278,136,4.4
278,3,4.6
278,128,4.8
278,69,5.0
278,115,4.5
278,51,3.6
278,75,4.0
278,130,3.2
278,57,4.7
278,31,1.9
278,39,4.0
278,22,3.1
278,26,3.7
278,38,2.9
279,128,3.7
279,104,4.7
279,145,4.6
279,44,4.8
279,100,4.2
279,96,3.8
279,144,3.3
279,36,4.7
279,47,3.3
279,141,2.2
279,6,2.6
279,74,2.6
279,18,1.8
279,142,2.3
280,80,3.5
280,23,4.0
280,87,3.8
280,103,3.2
280,149,5.0
280,120,5.0
280,111,3.7
280,63,4.4
280,31,4.5
280,64,4.9
280,85,3.7
280,136,4.9
280,144,3.9
280,29,3.4
280,32,4.6
280,39,5.0
280,7,5.0
280,71,3.5
280,0,4.6
280,47,4.0
280,44,3.6
280,137,1.8
280,41,2.0
280,42,2.4
280,12,3.1
281,77,3.8
281,107,4.6
281,85,4.8
281,118,4.6
281,54,5.0
281,78,4.4
281,43,3.5
281,75,5.0
281,69,3.8
281,6,4.7
281,76,4.3
281,146,3.4
281,64,1.8
281,80,2.3
281,124,4.1
281,116,2.9
282,90,4.2
282,88,4.7
282,111,4.6
282,120,4.4
282,135,4.1
282,7,4.0
282,144,4.7
282,16,4.5
282,74,4.0
282,79,4.8
282,136,4.1
282,40,3.7
282,130,3.7
282,146,3.6
282,66,4.0
282,138,4.9
282,95,3.7
282,107,3.2
282,129,2.5
282,11,2.8
282,38,1.8
282,60,2.8
283,67,4.1
283,51,4.5
283,131,4.3
283,139,3.5
283,49,4.9
283,76,4.3
283,27,4.3
283,73,4.2
283,140,3.9
283,105,4.3
283,9,4.5
283,116,3.2
283,89,3.9
283,25,4.0
283,137,4.4
283,133,4.0
283,93,2.4
283,18,2.6
283,149,2.6
283,103,2.4
283,23,2.7
283,38,3.6
283,119,2.2
284,91,4.5
284,20,3.2
284,67,3.9
284,68,4.0
284,52,5.0
284,75,4.0
284,3,2.9
284,28,3.0
284,76,4.2
284,99,4.6
284,120,4.4
284,32,4.3
284,128,4.9
284,12,3.9
284,43,4.7
284,139,3.2
284,27,3.7
284,19,3.1
284,115,4.0
284,145,3.0
284,93,3.1
285,60,4.2
285,12,3.6
285,89,4.1
285,121,3.3
285,65,5.0
285,123,4.0
285,132,3.9
285,84,5.0
285,105,3.5
285,27,3.5
285,139,3.5
285,92,4.2
285,137,4.5
285,4,4.6
285,124,5.0
285,57,2.9
285,97,4.6
285,25,3.9
285,30,2.5
285,37,2.5
285,146,2.3
286,67,5.0
286,50,4.7
286,146,4.2
286,122,5.0
286,130,3.3
286,74,3.4
286,49,2.9
286,106,3.8
286,24,3.1
286,28,3.1
286,40,3.1
287,104,3.4
287,128,4.7
287,41,4.3
287,0,4.6
287,74,3.1
287,81,4.4
287,136,3.5
287,89,4.0
287,3,3.4
287,125,3.1
287,102,2.3
287,51,3.0
287,45,1.8
287,123,3.9
287,135,2.8
287,99,3.9
288,71,3.9
288,76,3.9
288,15,3.7
288,103,4.7
288,140,3.8
288,2,4.6
288,42,4.0
288,95,3.0
288,47,3.9
288,106,3.5
288,108,4.2
288,130,3.5
288,36,4.8
288,10,4.1
288,31,4.1
288,11,3.5
288,133,3.8
288,70,3.0
289,24,3.7
289,144,3.1
289,5,3.8
289,112,3.8
289,96,4.3
289,101,4.0
289,50,4.6
289,56,3.8
289,11,3.0
289,22,3.9
290,31,4.4
290,25,4.2
290,113,3.8
290,48,3.8
290,104,3.7
290,112,3.9
290,119,4.7
290,129,4.1
290,103,3.4
290,96,5.0
290,95,4.4
290,145,3.4
290,79,3.9
290,97,4.3
290,6,4.4
290,19,2.1
290,61,3.8
290,67,4.1
291,65,3.8
291,141,4.0
291,13,3.6
291,129,4.1
291,73,4.2
291,94,4.6
291,142,4.9
291,49,3.8
291,81,3.0
291,22,4.2
291,21,4.4
291,118,4.3
291,46,4.0
291,107,3.1
291,83,4.2
291,42,3.3
291,143,2.7
292,104,3.9
292,8,4.1
292,16,5.0
292,96,4.1
292,121,4.2
292,105,3.9
292,88,4.9
292,13,5.0
292,80,4.5
292,137,4.2
292,117,4.2
292,146,1.1
292,59,3.6
292,87,3.1
292,124,3.3
292,66,2.4
292,54,2.7
293,96,4.0
293,104,4.8
293,57,4.0
293,20,5.0
293,145,4.5
293,148,3.4
293,81,4.1
293,88,3.8
293,121,2.9
293,105,5.0
293,132,4.6
293,128,4.5
293,28,4.3
293,137,3.4
293,36,3.9
293,48,4.7
293,2,2.2
293,26,1.0
293,6,2.8
294,108,4.1
294,134,4.3
294,20,4.6
294,126,4.6
294,36,4.4
294,104,4.9
294,70,3.3
294,132,4.5
294,6,4.6
294,56,3.5
294,60,3.3
294,94,3.8
294,148,3.8
294,136,4.7
294,0,3.8
294,41,2.3
294,141,2.5
294,58,3.9
294,51,3.0
294,13,2.9
294,63,2.9
294,61,4.0
295,94,3.8
295,54,5.0
295,131,4.3
295,1,4.1
295,19,5.0
295,115,3.6
295,57,4.0
295,142,3.5
295,67,4.8
295,123,5.0
295,97,5.0
295,105,4.9
295,3,4.1
295,30,4.0
295,33,3.2
295,129,5.0
295,69,3.4
295,138,2.6
295,98,4.1
295,96,2.2
295,7,3.3
295,132,2.9
295,28,3.5
295,31,2.9
296,78,3.3
296,93,4.2
296,60,4.8
296,149,4.2
296,134,4.7
296,70,3.6
296,126,4.2
296,12,3.8
296,92,4.6
296,53,4.2
296,100,4.6
296,117,4.9
296,54,4.6
296,94,4.4
296,148,3.6
296,5,4.2
296,37,3.9
296,124,4.0
296,66,2.7
296,72,2.2
296,11,1.4
296,31,2.5
296,56,3.2
296,3,1.9
296,67,3.0
297,107,5.0
297,91,4.8
297,140,5.0
297,27,4.4
297,97,4.9
297,100,3.8
297,65,3.8
297,28,2.6
297,137,4.9
297,19,5.0
297,51,3.9
297,121,4.0
297,52,3.7
297,4,4.4
297,85,3.9
297,18,1.6
297,102,3.3
297,48,2.8
298,75,4.3
298,140,4.5
298,51,4.1
298,35,4.1
298,88,4.1
298,144,4.8
298,28,4.5
298,19,4.3
298,60,3.4
298,4,4.0
298,32,4.7
298,12,4.2
298,148,4.6
298,6,4.4
298,98,3.8
298,103,3.1
298,31,2.6
298,39,1.0
298,70,2.9
299,124,4.0
299,148,4.4
299,91,4.1
299,52,4.0
299,132,3.1
299,53,3.6
299,27,4.5
299,140,5.0
299,19,4.1
299,147,4.4
299,116,4.8
299,21,3.7
299,36,4.4
299,5,3.8
299,77,4.7
299,145,3.1
299,105,3.2
299,23,2.4
299,0,3.6
299,63,4.7
